id,C2M28,C2M2,C1M5,C3M16,C2M16,C2M21,C3M11,C1M2,C3M9,C2M20,C4M10,C2M14,C1M33,C1M8,C1M3,C2M23,C1M24,C1M1,C2M12,C3M13,C5M8,C5M4,C1M20,C2M1,C1M14,C3M3,C2M22,C1M31,C3M8,C5M3,C4M2,C1M11,C1M18,C2M5,C1M36,C1M13,C4M1,C3M1,C1M4,C2M11,C1M25,C2M25,C1M22,C2M3,C1M9,C3M7,C5M5,C2M9,C3M15,C1M21,C3M14,C5M10,C5M7,C1M30,C1M17,C2M18,C1M10,C2M7,C5M1,C3M5,C1M6,C1M26,C5M2,C2M15,C1M15,C3M12,C2M24,C4M9,C2M4,C4M7,C1M19,C2M17,C2M8,C1M29,C1M27,C1M23,C5M6,C2M10,C2M27,C2M6,C1M7,C3M4,C5M9,C1M16,C4M6,C1M35,C2M26,C1M28,C2M19,C4M3,C3M2,C3M10,C1M32,C4M4,C4M5,C1M34,C1M12,C3M6,C4M8,C2M13
,1,1,1,1,1,1,1,1,1,1,1,1,1,1,1,1,1,1,1,1,1,1,1,1,1,1,1,1,1,1,1,1,1,1,1,1,1,1,1,1,1,1,1,1,1,1,1,1,1,1,1,1,1,1,1,1,1,1,1,1,1,1,1,1,1,1,1,1,1,1,1,1,1,1,1,1,1,1,1,1,1,1,1,1,1,1,1,1,1,1,1,1,1,1,1,1,1,1,1,1
id1,H,A,H,H,H,H,A,H,A,H,A,H,A,A,H,B,B,H,B,A,B,A,B,H,A,H,H,A,A,A,H,A,B,A,B,A,H,-,H,B,B,H,B,A,A,-,B,A,A,A,A,H,A,A,A,H,A,H,B,A,A,H,-,B,A,A,H,A,A,A,B,H,H,A,A,A,B,H,H,A,A,B,H,B,A,A,H,A,H,H,H,-,-,A,A,A,A,B,A,H
id2,H,H,H,A,B,A,B,H,B,A,H,A,A,H,H,A,A,H,A,B,A,H,A,H,A,H,A,A,B,H,H,H,A,A,H,H,A,H,H,A,A,A,A,H,H,H,H,A,B,B,B,H,H,A,A,A,H,-,H,H,H,A,H,B,A,B,B,H,H,H,A,A,A,A,A,B,H,A,-,A,H,H,H,B,H,H,A,A,A,H,H,A,-,H,H,H,H,H,H,B
id3,A,A,H,B,H,A,H,H,H,-,H,B,H,H,H,A,A,H,H,H,A,B,A,A,H,A,A,A,A,B,H,H,A,H,H,H,A,B,H,H,A,A,A,H,H,-,A,A,H,B,H,B,B,A,A,H,H,-,A,H,H,A,B,B,H,H,B,H,H,H,A,H,H,A,A,B,A,H,B,H,H,H,B,H,H,H,A,A,H,H,A,H,H,H,H,H,H,H,H,A
id4,A,H,B,A,H,H,B,H,B,H,B,H,H,B,H,H,B,H,H,B,H,H,B,H,B,A,B,H,B,H,B,B,B,H,H,B,B,B,B,H,B,H,B,H,B,A,H,A,B,A,B,B,H,H,B,H,B,H,H,B,B,B,-,B,B,A,H,B,H,-,B,H,H,H,A,A,H,H,B,H,B,A,B,A,B,H,H,H,H,B,A,A,-,B,B,H,B,A,B,H
id5,H,A,H,B,B,H,A,H,A,H,B,A,H,A,H,H,H,H,A,A,-,H,H,A,A,B,H,H,A,H,B,A,A,-,H,A,H,H,H,A,H,H,H,A,A,B,H,A,A,A,A,H,H,H,A,A,A,A,H,A,H,A,-,B,A,A,H,B,A,B,H,A,A,H,A,H,H,A,B,A,A,B,H,B,B,H,B,H,A,B,H,B,H,B,B,H,A,B,B,B
id6,A,B,H,B,A,B,H,B,H,B,A,B,A,H,B,A,A,A,B,H,H,B,A,B,H,H,H,H,A,B,A,H,A,B,B,H,A,H,H,B,A,A,A,B,H,H,A,A,H,-,H,H,B,H,H,B,H,B,A,H,H,A,-,B,H,H,-,A,B,A,A,B,B,B,H,B,A,B,B,B,H,H,H,H,A,A,A,H,B,A,H,H,-,A,A,A,H,H,A,H
id7,H,H,H,B,H,H,H,H,A,H,B,H,B,H,H,A,-,H,H,H,H,H,B,H,H,B,H,B,A,H,B,H,B,H,A,H,B,A,H,H,H,A,H,H,H,-,H,A,A,A,H,H,H,B,B,H,H,H,H,A,H,A,H,B,H,H,B,B,H,B,B,H,H,B,H,H,H,H,H,H,H,B,H,H,B,B,H,B,H,B,B,B,-,B,B,B,H,B,B,H
id8,A,H,H,H,B,A,B,H,H,A,A,H,H,H,H,A,A,H,H,B,B,H,-,H,H,H,A,A,H,H,A,H,A,H,H,H,H,H,H,H,A,A,A,H,H,H,H,A,B,B,B,A,H,A,H,A,H,-,H,H,H,A,-,B,H,B,B,A,H,A,A,A,H,A,A,B,H,H,B,H,H,H,A,H,A,H,A,A,A,A,H,H,-,A,A,H,H,H,A,H
id9,A,B,A,A,A,B,B,H,H,B,A,B,H,B,H,H,H,H,B,-,H,B,H,B,H,H,B,A,H,B,H,B,H,B,A,H,H,H,H,B,H,H,H,B,B,-,A,A,A,A,A,H,H,A,H,B,B,-,A,H,H,A,B,B,H,B,H,A,B,H,H,B,B,A,A,H,H,B,B,B,B,H,A,H,H,B,A,A,B,H,H,A,H,H,H,B,B,H,H,A
id10,H,H,H,A,H,H,H,H,H,H,H,H,A,B,H,H,B,H,H,B,B,H,B,H,B,H,H,H,H,H,H,B,B,H,B,B,H,H,-,H,B,H,B,H,B,H,B,A,B,A,B,A,A,H,B,H,B,-,H,H,H,B,-,B,B,B,H,H,H,H,B,H,H,H,B,A,B,H,H,H,B,H,A,A,H,A,H,B,H,H,H,H,A,H,H,A,B,H,H,H
id11,H,A,H,A,A,H,H,H,H,H,B,H,B,H,H,H,H,H,H,B,H,H,H,A,H,B,A,B,H,H,B,B,H,A,A,H,-,A,H,H,H,H,H,A,H,H,H,A,B,H,B,H,H,B,H,H,H,-,H,A,H,B,-,B,H,H,H,B,A,B,H,B,H,B,H,H,H,H,H,A,H,B,H,H,B,B,H,B,H,H,B,H,B,H,B,B,H,H,B,H
id12,H,H,A,A,H,A,A,A,A,A,B,H,B,A,A,H,H,B,H,H,H,H,H,B,H,A,H,H,B,H,H,H,H,H,H,H,H,B,H,H,H,H,H,H,A,H,H,A,H,A,H,H,H,H,H,A,H,-,-,B,A,H,-,B,H,A,H,B,H,H,H,H,H,H,H,H,H,H,H,H,A,A,H,H,H,H,H,H,A,H,A,B,B,H,H,H,H,A,B,H
id13,H,H,H,H,B,A,H,H,H,A,B,A,A,B,H,A,A,H,A,H,B,A,A,H,A,B,A,A,H,A,A,H,A,H,A,A,A,A,H,A,A,H,A,H,B,-,B,A,H,B,H,A,A,A,A,A,B,-,B,A,B,A,-,B,A,H,H,B,H,H,A,A,A,A,-,B,B,A,H,H,B,B,A,B,H,H,H,A,A,A,B,H,-,H,H,H,A,B,H,B
id14,-,-,-,-,-,-,-,-,B,-,-,-,-,-,-,-,-,-,-,-,-,-,-,-,-,H,H,B,-,-,-,A,A,-,-,-,-,-,H,-,-,H,-,-,-,-,-,-,-,-,-,H,-,-,-,H,-,-,A,-,A,-,-,-,-,-,-,-,H,-,-,-,H,B,-,-,-,-,-,-,-,H,H,-,-,-,-,H,-,-,-,-,-,A,-,-,-,-,-,-
id15,H,H,B,H,H,H,B,-,B,H,A,H,H,B,B,A,H,H,H,B,B,A,H,H,H,H,A,A,B,A,H,H,H,H,H,H,H,H,B,H,H,A,B,H,B,-,B,A,H,A,H,-,A,A,H,-,B,H,B,H,B,H,-,B,H,B,B,A,H,H,H,H,H,A,A,H,B,H,B,H,B,H,A,H,A,H,A,A,H,H,B,A,-,H,A,H,H,H,H,H
id16,H,H,B,B,H,B,A,B,H,B,H,H,A,B,B,H,B,A,H,A,H,H,B,H,B,A,H,A,B,H,H,H,B,H,B,H,B,B,B,H,B,H,B,H,B,H,H,A,A,A,A,H,H,A,B,H,B,H,H,B,B,B,H,B,B,A,H,H,H,H,B,H,H,A,A,A,H,H,H,H,B,A,H,A,H,A,H,A,H,H,A,H,A,H,H,A,H,H,H,H
id17,H,B,H,H,B,H,B,H,B,H,H,A,A,H,H,H,A,H,H,B,H,H,A,B,H,A,H,A,B,H,H,H,A,B,B,H,H,B,H,H,A,H,A,B,H,-,H,A,B,B,B,H,H,A,H,H,H,B,H,B,H,A,-,B,H,B,H,H,B,H,A,A,B,A,A,B,H,B,H,B,H,A,H,H,H,A,H,A,H,H,A,A,-,H,H,A,H,A,H,B
id18,H,H,H,A,H,H,H,H,H,H,H,H,A,H,H,H,H,H,H,B,H,A,H,H,H,A,H,H,H,A,B,H,H,H,B,H,B,B,H,H,H,H,H,H,H,-,B,A,B,H,B,H,H,H,H,H,H,H,B,H,B,H,-,B,H,-,H,B,H,H,H,H,H,-,H,H,H,H,H,H,B,A,H,H,H,A,H,H,H,B,A,H,-,H,H,A,H,H,H,H
id19,B,H,H,A,A,B,H,H,B,B,H,B,H,B,H,B,H,H,B,B,H,A,H,H,B,A,B,B,B,A,H,B,A,B,H,B,H,B,H,B,H,B,H,B,B,A,B,A,B,A,B,H,A,B,-,B,B,B,B,B,H,B,-,B,B,B,A,H,B,B,H,B,B,B,A,H,B,B,H,-,B,A,H,A,B,H,B,B,B,H,A,A,-,H,H,H,B,A,B,A
id20,H,B,H,B,H,H,B,H,B,H,A,H,H,A,H,H,A,H,B,H,B,A,A,B,A,A,H,-,B,A,A,A,A,B,H,A,H,B,H,B,A,H,A,H,A,A,B,A,H,B,H,H,A,H,A,H,A,B,H,B,H,H,-,B,A,B,H,H,B,H,A,H,A,H,H,B,B,B,H,B,A,A,H,B,H,-,H,H,H,H,A,A,H,H,H,H,A,A,H,A
id21,A,H,H,H,H,H,A,H,A,H,B,H,B,H,H,A,H,H,H,A,B,A,H,H,H,B,A,B,A,A,H,H,H,H,A,H,H,H,H,H,H,A,H,H,H,B,B,A,A,A,A,H,A,B,H,H,H,H,B,A,H,H,-,B,H,H,B,B,H,B,H,H,H,B,B,H,B,H,B,H,H,B,H,H,B,B,A,B,H,H,B,B,B,B,B,B,H,B,B,H
id22,H,H,B,B,H,B,A,B,A,B,H,H,B,B,B,B,B,A,H,A,B,A,B,A,B,B,B,B,A,A,H,B,B,H,A,B,H,A,B,H,B,H,B,H,B,-,B,A,H,A,H,H,A,B,B,B,B,-,B,A,B,B,-,B,B,A,H,H,A,H,B,H,H,B,B,A,B,H,H,H,B,B,H,A,H,B,H,B,B,H,B,B,B,H,H,B,B,B,H,H
id23,B,H,B,H,A,H,A,B,A,B,H,B,H,B,B,B,A,A,B,A,H,-,H,B,B,B,B,H,A,H,H,B,H,H,H,B,B,B,B,B,A,B,A,H,B,B,H,A,A,B,A,H,H,H,H,B,B,-,H,A,B,H,-,B,B,A,A,H,H,H,H,B,H,H,A,B,H,B,H,H,B,B,H,A,H,H,B,H,B,H,H,B,H,H,H,H,B,B,H,A
id24,A,A,A,H,B,A,H,A,H,A,H,A,H,A,A,A,B,H,A,H,A,B,H,A,H,H,A,A,A,B,A,H,H,A,B,H,H,H,H,A,B,A,B,A,A,H,A,A,H,A,H,H,B,A,H,A,A,-,A,H,A,H,B,B,H,H,B,A,A,H,H,A,A,A,B,A,A,A,B,A,A,H,H,H,H,A,A,H,A,A,H,H,-,A,H,A,H,H,H,B
id25,H,B,B,A,H,B,B,B,B,B,B,H,A,H,B,B,A,A,B,B,H,H,A,B,H,H,B,A,B,H,B,H,A,B,H,H,B,H,B,B,A,B,A,B,H,A,H,A,B,B,B,H,H,A,A,B,H,-,H,H,B,A,-,B,A,B,A,B,B,B,A,H,B,A,A,B,H,B,H,B,H,H,H,B,B,H,B,A,B,B,H,A,-,B,B,H,H,H,B,A
id26,B,H,B,A,A,B,B,H,B,B,H,A,H,A,H,A,B,H,H,B,A,A,A,A,H,H,B,H,H,H,A,H,A,H,H,A,H,H,B,A,B,B,B,B,B,-,A,B,A,A,H,B,A,H,B,B,H,A,H,B,H,A,-,B,H,H,A,A,B,B,H,A,H,A,B,A,A,B,H,A,H,B,H,H,B,H,H,B,B,B,B,-,-,B,H,A,A,A,H,B
id27,H,A,H,H,H,H,H,H,A,-,H,H,H,B,A,H,H,H,H,H,B,A,H,A,H,B,H,A,A,A,A,H,H,H,H,H,A,A,H,H,H,H,H,A,B,B,B,A,H,A,H,H,A,A,H,H,B,-,B,A,H,H,A,B,H,H,H,H,A,A,H,H,B,H,H,H,B,H,H,H,H,B,A,H,A,H,H,H,H,A,B,B,H,A,A,H,H,B,A,H
id28,A,H,H,H,H,H,H,H,H,H,A,H,B,H,H,H,A,H,H,H,H,-,A,H,B,H,H,H,A,H,A,H,A,H,A,B,A,H,H,B,A,H,A,H,H,-,H,A,H,B,H,H,H,H,B,H,H,B,H,H,H,A,-,B,B,H,H,A,H,A,A,H,A,H,H,B,H,B,H,H,H,H,H,A,A,B,H,H,H,A,H,H,B,A,A,B,B,H,A,H
id29,H,A,H,H,-,H,H,H,H,H,H,B,A,H,H,H,A,H,B,H,B,A,H,A,H,B,H,A,A,A,A,H,H,H,B,H,H,A,H,B,A,B,H,H,B,-,B,A,H,A,H,B,A,A,H,H,B,-,B,A,H,A,-,B,H,H,A,H,H,A,H,B,B,A,H,H,B,B,H,B,B,B,H,H,A,A,B,A,H,A,B,H,-,A,A,A,H,B,A,A
id30,B,H,B,H,H,B,H,B,-,B,H,B,B,B,B,B,H,A,B,H,H,H,H,H,H,H,B,B,B,H,B,B,H,H,H,H,B,H,B,H,H,B,H,H,B,A,H,A,H,A,H,H,H,B,H,B,B,H,H,H,B,H,-,B,H,H,A,H,H,H,H,B,H,B,B,H,H,H,H,H,B,H,H,H,H,H,B,B,B,B,H,A,-,B,B,H,H,A,H,A
id31,H,H,B,H,H,H,B,H,H,H,H,H,H,B,H,H,H,H,H,B,H,H,H,H,B,H,H,H,H,H,H,B,H,H,H,B,H,H,B,H,H,H,H,H,B,-,H,A,H,H,H,H,H,H,H,H,B,H,H,H,B,A,H,B,H,B,H,H,H,H,H,H,H,H,A,H,H,H,H,H,B,H,H,H,H,H,H,H,H,H,H,A,H,H,H,H,B,H,H,H
id32,A,H,A,H,B,A,H,A,H,A,A,A,H,H,A,A,H,B,A,H,B,A,H,H,H,H,A,H,H,A,H,H,H,H,A,H,H,H,H,H,H,A,H,H,H,-,B,A,H,A,H,A,A,H,H,A,H,H,B,H,A,H,A,B,H,H,B,A,H,A,H,A,H,H,H,H,B,H,B,H,H,H,A,H,A,H,A,H,A,A,H,H,H,-,A,H,H,H,A,B
id33,B,-,-,-,-,-,-,H,-,-,-,B,-,-,H,-,-,H,-,-,-,-,-,-,-,-,-,B,-,-,B,-,-,H,H,-,-,-,-,B,-,-,-,-,-,-,-,A,-,A,-,-,-,-,-,-,-,H,-,-,-,-,-,-,H,-,H,-,-,B,-,B,H,-,-,-,A,-,-,-,-,-,-,-,-,-,-,B,-,-,-,-,B,B,-,-,-,-,-,A
id34,-,H,A,A,H,B,H,A,H,B,H,H,B,A,A,B,B,B,H,B,A,H,B,H,A,B,B,B,H,H,A,A,B,H,H,A,A,A,H,H,B,B,B,H,A,H,H,A,B,A,B,B,B,B,H,B,A,-,H,A,A,B,H,B,A,B,A,H,H,H,B,H,H,B,B,A,A,H,H,H,A,B,B,B,H,H,H,B,B,A,B,H,-,A,-,H,A,B,H,H
id35,H,H,H,B,H,H,A,H,B,H,H,H,A,B,H,H,H,H,H,A,A,H,H,H,B,A,H,A,B,H,H,B,H,H,B,B,A,B,H,H,H,H,H,H,B,A,A,A,A,A,A,B,B,A,B,H,B,-,H,B,H,A,H,B,B,A,H,H,H,H,H,H,H,B,A,H,A,H,H,H,B,A,B,A,H,A,H,A,H,H,A,A,-,H,H,A,B,A,H,H
id36,B,B,H,H,A,B,H,A,H,B,H,B,H,H,H,B,A,B,B,H,A,B,A,B,A,H,B,A,H,B,H,H,A,B,H,A,H,H,H,B,A,B,A,B,H,-,A,A,H,B,H,H,B,B,A,B,H,B,A,H,H,A,-,B,A,H,A,H,B,A,A,B,H,A,A,B,A,B,H,B,H,H,H,B,A,H,B,A,B,H,H,H,-,A,A,H,A,H,A,A
id37,A,A,B,B,H,H,A,H,H,H,H,H,H,B,H,H,B,H,H,A,B,A,B,A,B,H,H,H,H,A,B,B,B,A,H,B,B,H,B,H,B,H,B,A,B,H,B,A,A,A,A,H,A,H,B,H,B,A,B,H,B,H,-,B,B,A,H,H,A,B,B,H,A,H,H,A,B,A,H,A,B,H,H,A,B,H,H,H,H,B,H,H,H,B,B,H,B,H,B,H
id38,A,B,H,B,H,A,H,H,H,H,H,H,H,B,H,A,B,H,B,A,H,H,B,B,B,H,A,H,H,H,H,B,B,B,A,B,A,H,-,B,B,A,B,B,B,H,H,A,A,A,A,H,H,H,B,H,B,B,H,H,B,H,-,B,B,H,B,H,B,H,B,H,B,H,H,A,H,B,B,B,B,H,H,A,H,B,A,H,H,H,H,H,-,H,H,B,B,H,H,A
id39,H,H,H,A,A,H,B,H,B,H,B,B,H,B,H,H,B,H,H,B,H,H,B,H,B,A,H,H,B,H,B,B,B,H,H,B,B,B,H,H,B,H,B,H,B,-,H,A,B,A,B,A,H,H,B,H,B,-,H,B,H,B,-,B,B,B,H,B,H,B,B,B,H,B,H,-,H,H,H,H,B,A,A,A,B,H,B,H,H,B,A,A,-,B,B,H,B,A,B,A
id40,H,A,A,A,H,H,B,A,B,H,A,H,B,H,A,H,H,H,H,B,A,B,H,A,H,A,H,B,A,B,A,H,B,A,A,H,A,H,H,A,H,H,H,H,H,A,A,A,B,B,B,H,B,B,H,H,H,A,A,B,H,B,B,B,H,B,H,A,H,A,H,H,H,B,B,H,A,A,H,A,H,A,H,H,A,B,H,B,H,A,A,A,B,A,A,B,H,A,A,H
id41,B,B,A,A,H,H,B,H,B,H,B,H,B,A,H,H,H,H,H,B,B,A,H,B,A,A,H,B,A,A,B,A,H,B,A,A,B,B,H,H,H,B,H,B,A,A,B,A,B,A,B,A,A,B,A,H,A,-,B,B,A,H,-,B,A,B,A,B,B,B,H,H,H,B,B,H,B,H,A,B,A,A,A,B,B,-,B,B,H,B,A,A,-,B,B,B,A,A,B,-
id42,H,A,A,H,H,H,-,H,H,H,H,H,H,A,A,H,H,H,H,H,H,H,H,A,H,H,H,H,H,H,H,A,H,A,H,A,H,H,H,A,H,H,H,A,A,H,H,A,H,A,H,H,H,H,H,H,A,-,H,H,A,H,H,B,H,H,H,H,A,H,H,H,A,H,H,H,H,A,H,A,A,H,H,H,H,H,H,H,H,H,H,H,-,H,H,H,A,H,H,H
id43,H,H,B,A,A,B,B,B,B,B,B,B,A,H,B,B,A,A,B,B,H,H,A,H,H,A,B,A,B,H,A,B,A,H,H,H,A,B,B,B,A,H,A,H,B,-,H,A,B,B,B,H,H,A,H,B,B,-,H,B,B,H,H,B,H,B,H,B,H,H,A,B,A,A,A,B,H,H,H,H,B,A,H,H,H,H,H,A,B,A,A,A,A,A,H,H,H,A,H,A
id44,A,B,B,H,H,A,H,B,H,A,B,H,H,B,B,A,B,A,H,B,H,H,B,H,B,H,A,H,H,H,H,-,B,H,A,B,H,H,B,H,B,A,B,H,B,H,-,A,H,A,H,H,H,H,B,A,B,H,H,H,B,B,-,B,B,H,B,B,H,B,B,H,H,H,H,A,H,H,B,H,B,H,H,A,B,B,A,H,A,H,H,H,-,H,H,B,B,H,B,H
id45,A,B,A,H,H,H,H,A,H,H,H,H,H,A,A,H,A,B,B,H,A,B,A,B,A,B,H,H,B,B,H,-,A,B,H,A,H,A,A,B,A,H,A,B,A,B,A,A,H,B,H,B,B,H,A,H,A,B,A,A,A,A,B,B,A,H,H,H,B,H,A,H,B,H,H,B,A,B,B,B,A,B,B,B,H,H,A,H,H,H,B,H,H,H,H,H,A,B,H,H
id46,A,B,H,H,H,H,B,H,H,B,H,B,A,H,H,H,A,H,B,B,H,A,A,B,H,A,H,A,H,A,A,H,A,B,B,H,A,B,H,B,A,H,A,B,B,-,H,A,B,B,B,H,H,A,H,H,H,B,B,B,H,A,-,B,H,B,H,H,B,H,A,H,B,A,A,B,H,B,H,B,H,A,H,H,H,A,H,A,B,A,A,H,-,A,A,A,H,H,H,A
id47,H,B,B,H,A,B,H,B,H,B,H,B,H,H,B,B,A,A,B,H,A,B,A,B,A,B,B,H,B,B,H,A,A,B,H,A,A,H,B,B,A,B,A,B,H,A,A,A,H,B,H,B,B,H,H,B,H,B,A,B,B,H,-,B,A,H,A,H,B,H,A,B,B,H,H,B,A,B,H,B,B,H,B,B,H,H,H,H,B,H,H,H,H,H,H,H,A,A,H,A
id48,B,B,H,B,A,B,A,H,A,B,H,B,B,H,H,B,H,H,H,A,H,A,H,B,H,H,B,B,A,A,H,H,H,H,A,H,H,H,H,H,H,B,H,H,H,B,B,A,A,A,A,B,H,B,H,B,H,-,B,H,H,B,A,B,H,A,A,H,H,H,H,B,H,B,B,H,H,H,H,H,H,H,B,H,H,B,B,B,B,H,H,B,B,H,H,B,H,B,-,H
id49,H,H,H,H,H,H,A,B,A,H,A,H,H,B,H,H,H,A,H,H,H,H,H,A,B,H,H,A,B,H,H,B,H,H,H,B,B,B,H,H,H,H,H,H,B,B,H,-,H,H,H,B,H,A,B,H,B,H,H,H,H,A,-,B,B,A,A,A,H,A,H,H,H,A,-,H,H,H,H,H,B,H,B,A,A,H,H,A,H,H,H,B,-,H,A,H,B,B,A,H
id50,H,B,H,H,B,H,A,H,A,H,H,A,A,H,H,H,B,H,H,H,B,H,B,B,H,B,H,A,A,H,A,H,B,B,B,H,H,A,H,B,B,H,B,B,H,B,H,A,H,A,H,A,A,A,B,A,H,B,H,A,H,B,-,B,H,A,H,H,B,H,B,A,B,A,A,A,H,B,H,B,H,B,A,H,H,A,B,A,H,A,B,B,-,A,H,A,H,B,H,B
id51,A,B,-,-,-,-,H,A,-,-,A,-,-,-,-,A,B,B,-,-,H,B,-,-,-,A,-,-,A,-,-,-,-,-,B,-,H,-,-,-,-,A,-,-,-,B,-,A,-,-,-,A,-,-,H,-,-,-,-,-,H,-,B,-,-,H,B,-,H,-,B,-,-,-,-,A,-,-,B,-,-,-,-,-,-,-,-,B,A,-,A,-,-,-,-,-,-,B,-,-
id52,H,H,A,B,A,H,A,H,A,H,H,B,A,A,H,H,H,H,B,A,H,H,H,H,A,H,H,A,A,H,B,A,H,H,B,A,H,-,A,B,H,-,H,H,A,B,H,A,A,A,A,H,H,A,H,H,A,H,H,H,A,H,-,B,A,A,A,H,H,H,H,B,H,A,A,H,H,H,H,H,A,H,H,H,H,A,H,A,H,H,H,B,-,H,H,A,A,B,H,A
id53,H,H,H,H,H,H,A,H,A,H,B,H,H,H,H,H,H,H,H,A,H,H,H,H,A,H,H,H,A,A,H,A,H,H,B,A,H,H,H,H,H,-,H,H,H,-,H,A,A,A,A,H,H,H,H,H,H,-,B,H,H,H,-,B,H,A,H,B,H,B,H,H,H,H,A,H,H,H,H,H,H,H,-,H,B,A,H,H,H,B,H,B,H,B,B,A,A,B,B,H
id54,H,H,H,B,H,H,H,B,B,H,H,H,H,H,B,H,H,H,H,A,H,H,H,H,H,A,H,H,B,H,A,H,H,H,B,H,A,H,H,H,H,H,H,H,H,-,H,A,A,-,A,B,H,H,H,H,H,H,H,B,H,B,H,B,H,H,H,A,H,A,H,H,H,H,H,H,H,H,H,H,H,A,B,H,A,H,H,H,H,A,H,H,H,A,A,H,H,A,A,H
id55,B,H,H,H,A,B,B,H,B,B,A,B,H,H,H,B,H,B,H,B,H,B,B,H,B,B,B,H,A,B,A,H,B,H,H,H,A,A,H,H,B,B,B,H,H,-,A,A,H,A,H,H,H,H,B,B,H,H,A,A,H,B,-,B,B,B,A,A,H,A,B,B,H,H,H,A,H,H,H,H,H,B,H,A,A,H,B,H,B,A,B,-,H,A,H,H,H,A,A,A
id56,H,A,B,A,B,A,B,B,B,A,A,A,H,B,B,A,H,A,A,B,B,A,B,B,H,A,A,H,H,A,A,B,B,A,A,B,A,B,B,A,H,A,H,A,B,-,B,A,-,A,-,A,A,H,B,A,B,A,B,B,B,H,A,B,B,B,B,A,A,H,B,A,A,H,H,-,B,A,B,A,B,A,A,A,H,B,A,H,A,H,A,A,H,H,H,H,B,A,H,B
id57,A,H,A,B,H,B,A,A,H,B,H,-,H,A,A,H,H,B,H,A,H,A,H,H,H,A,H,H,H,A,A,H,H,H,H,H,A,B,H,H,H,H,H,H,A,-,B,A,A,A,A,H,H,H,H,H,H,H,-,B,A,H,-,B,H,A,H,H,H,H,H,H,H,H,H,H,H,H,B,H,A,A,H,H,H,H,A,H,H,H,A,H,H,H,H,H,H,H,H,H
id58,H,H,A,H,A,H,B,A,H,H,H,H,A,A,A,H,A,B,H,H,B,A,A,H,A,H,H,A,H,A,B,A,A,H,B,A,B,A,H,H,A,H,A,H,A,-,B,A,H,B,H,A,A,A,A,H,A,-,B,H,A,A,-,B,A,B,H,H,H,H,A,B,H,A,B,B,B,H,H,H,A,H,A,B,H,A,H,A,H,B,B,H,-,H,H,A,A,H,H,H
id59,B,H,A,H,A,B,H,A,H,B,A,B,H,H,A,B,H,B,B,H,H,H,H,A,H,H,B,H,H,H,A,H,H,H,A,H,H,B,H,B,H,B,H,H,H,-,H,A,H,A,H,H,H,H,B,B,H,-,H,H,A,H,-,B,H,H,A,A,H,A,H,B,B,H,A,H,H,B,H,H,H,H,H,H,A,B,B,A,B,A,A,H,H,A,A,B,H,H,A,A
id60,H,A,H,-,H,H,A,B,A,H,H,H,A,H,B,H,H,A,H,A,H,H,H,A,H,B,H,H,A,H,A,H,H,H,B,H,A,A,H,H,H,H,H,A,H,B,H,A,A,A,A,H,H,H,H,H,H,-,H,A,H,H,H,-,H,A,H,H,A,H,H,H,H,H,H,H,H,H,H,H,H,B,H,H,H,A,H,H,H,A,H,B,-,H,H,A,H,B,H,H
id61,H,A,B,B,B,A,B,B,-,A,B,A,B,B,B,A,B,A,A,H,H,H,B,H,B,H,A,B,B,H,H,B,B,A,A,B,H,H,B,A,B,A,B,A,B,-,H,A,H,A,H,A,H,B,B,A,B,-,H,B,B,B,-,B,B,B,B,B,A,H,B,A,A,B,B,A,H,A,-,A,B,H,A,A,H,B,H,B,A,H,H,A,-,H,H,B,B,A,H,B
id62,H,A,-,A,A,B,B,A,H,B,H,B,B,H,A,H,H,B,B,B,H,B,H,A,-,A,B,B,H,B,H,H,H,H,A,H,H,B,H,B,H,H,H,H,H,H,A,A,B,A,B,H,H,B,H,B,H,B,A,B,A,B,-,B,H,B,H,H,H,H,H,B,B,B,B,H,H,B,H,H,H,A,H,H,H,B,H,B,B,H,-,H,-,H,H,B,H,A,H,A
id63,H,H,H,A,H,B,H,H,H,B,A,A,A,A,H,B,A,H,A,H,H,H,A,H,A,A,B,A,H,H,A,A,A,H,-,A,H,B,H,H,A,B,A,H,A,H,H,A,H,B,H,A,H,A,A,B,A,-,H,B,H,A,H,B,A,H,A,A,-,A,A,H,B,A,A,B,H,H,H,H,A,A,A,B,A,A,B,A,B,A,A,H,-,A,A,A,A,H,A,B
id64,A,H,B,H,B,H,H,B,H,H,H,A,A,B,B,H,A,A,A,H,H,B,H,B,A,A,H,A,A,B,H,H,H,A,H,A,H,B,B,A,A,H,A,H,B,B,A,A,H,H,H,H,B,A,H,H,B,-,A,B,B,A,-,B,A,H,H,H,H,H,H,A,A,A,A,B,A,A,H,A,B,A,H,B,H,H,H,A,H,H,A,H,A,H,H,H,A,B,H,B
id65,B,H,B,B,A,B,A,B,A,B,H,B,H,H,B,B,H,A,H,A,H,H,H,H,A,B,B,H,A,H,H,A,A,H,A,A,H,H,B,H,H,B,H,H,H,B,H,A,A,A,A,H,H,H,A,B,B,H,H,A,B,H,H,B,A,A,A,H,H,H,A,B,H,H,H,H,H,H,H,H,B,B,H,B,A,B,B,H,B,H,B,B,-,H,H,B,A,B,H,A
id66,H,A,B,H,H,B,B,B,B,B,H,H,A,B,B,B,B,A,H,B,H,H,B,A,B,H,B,A,B,H,H,B,B,H,B,B,H,B,B,H,B,B,B,H,B,-,H,A,H,A,B,H,H,A,B,B,B,-,H,H,B,B,H,B,B,B,A,H,H,B,B,H,H,A,A,A,H,H,H,H,B,H,H,A,B,A,B,A,B,H,H,A,A,H,B,A,B,H,B,H
id67,H,H,H,A,H,B,B,H,B,B,H,H,H,B,H,H,H,H,H,B,H,H,H,A,H,A,B,B,B,H,H,B,H,H,H,B,A,B,H,H,H,H,H,H,B,-,H,A,B,A,B,A,H,B,H,B,B,-,H,B,H,H,-,B,H,B,H,H,H,H,H,H,H,B,B,H,H,H,H,H,B,A,A,H,H,H,H,B,B,H,A,A,B,H,H,H,B,A,H,H
id68,B,H,H,H,B,H,H,H,B,H,H,A,B,H,H,H,H,H,A,H,B,A,H,H,A,A,H,B,B,A,H,A,H,H,H,A,H,B,H,A,H,B,H,H,H,-,B,A,H,A,H,B,A,B,-,A,H,H,B,H,H,B,A,B,A,H,A,H,H,H,H,A,H,B,B,H,B,A,H,H,H,A,B,B,H,H,B,B,A,H,A,A,-,H,H,H,A,A,H,B
id69,-,H,B,H,A,H,A,B,H,H,H,B,B,B,B,-,H,A,B,H,B,A,H,A,H,B,H,B,H,A,H,B,H,H,H,H,H,A,B,B,H,H,H,H,B,H,B,A,H,A,H,A,A,B,H,H,B,-,B,A,B,B,A,B,H,A,H,H,H,H,H,B,A,B,B,H,B,H,H,H,B,B,A,H,H,H,H,B,H,H,B,H,-,H,H,H,H,H,H,A
id70,B,H,B,B,-,B,H,B,H,B,A,B,H,H,H,H,H,A,H,H,H,H,H,H,H,A,B,H,A,H,A,H,H,H,H,H,H,B,H,H,H,H,H,H,H,-,H,A,H,A,H,H,H,H,H,B,H,-,H,B,B,-,-,B,H,H,H,A,H,A,H,B,H,H,H,H,H,H,H,H,H,A,H,H,A,H,B,H,B,A,A,H,-,A,A,H,H,A,A,A
id71,H,B,A,B,A,H,A,A,A,H,H,B,A,A,A,H,H,B,B,A,B,A,H,B,-,B,H,A,A,A,H,A,H,B,H,H,H,A,H,B,H,H,H,B,A,B,B,A,A,A,A,H,A,A,H,B,A,B,B,A,A,A,-,B,H,A,H,H,B,H,H,B,A,A,A,H,B,B,H,B,A,B,H,H,H,A,H,A,B,H,B,B,-,H,H,A,H,B,H,A
id72,A,A,H,B,H,H,H,H,H,H,-,H,B,H,H,H,H,H,H,H,H,H,H,A,B,H,H,B,H,H,H,H,-,H,A,B,A,A,H,H,H,A,H,A,H,H,H,A,H,A,H,B,H,B,H,H,H,-,H,H,H,H,-,B,H,H,H,B,A,B,H,H,A,B,B,H,H,H,B,H,H,H,B,H,B,B,A,B,H,B,B,H,B,B,B,A,B,H,B,H
id73,B,A,B,H,B,H,H,B,H,H,H,A,H,B,B,B,H,A,A,H,H,H,B,A,B,H,B,H,H,H,H,B,H,A,B,B,H,H,B,A,H,B,H,A,B,-,H,A,H,A,H,B,H,H,H,H,B,-,H,H,B,H,H,B,H,-,A,H,A,H,B,A,A,H,A,H,H,A,H,A,B,H,B,H,A,A,B,H,H,A,H,H,H,A,A,A,B,H,H,B
id74,A,B,B,H,A,H,H,H,H,H,H,B,B,B,B,H,B,H,B,H,A,B,H,H,B,H,H,B,H,B,A,B,H,B,A,B,A,H,B,B,B,H,B,B,B,-,A,A,H,A,H,B,B,B,B,B,B,-,A,H,B,B,-,B,B,H,H,H,B,A,H,B,B,B,B,A,A,B,H,B,B,H,B,A,A,B,H,B,B,A,H,H,B,A,A,B,-,H,A,A
id75,H,H,H,A,B,A,H,H,H,A,H,H,H,B,H,A,A,H,H,H,B,A,A,A,H,H,A,H,H,A,H,H,H,H,B,H,H,H,H,H,A,A,A,H,B,-,B,A,H,B,H,H,A,H,H,A,H,-,B,H,H,H,-,B,H,H,B,H,H,A,A,A,B,H,H,B,B,H,H,H,B,H,H,H,A,A,A,H,A,H,H,H,H,H,A,A,H,H,A,H
id76,B,A,H,A,H,B,B,H,B,B,H,H,B,H,H,B,H,H,H,B,B,H,H,A,H,A,B,H,B,H,B,H,H,H,A,H,B,H,H,H,H,B,H,H,H,A,H,A,B,A,B,A,A,H,H,B,H,H,H,B,H,H,-,B,H,B,A,H,H,H,H,H,H,H,-,H,H,H,H,H,H,A,A,H,H,B,B,H,B,H,H,A,B,H,H,-,H,A,H,H
id77,B,H,H,H,A,B,H,H,H,B,H,B,H,H,H,B,H,H,B,H,B,A,H,H,H,B,B,-,H,A,H,H,A,B,H,H,H,A,H,B,H,B,H,B,H,-,B,A,H,A,H,A,A,H,A,B,H,B,B,A,H,H,-,B,H,H,A,H,B,H,A,B,B,H,H,H,B,B,H,B,H,B,A,H,H,H,B,H,B,H,B,H,H,H,H,H,H,H,H,A
id78,A,H,H,H,A,H,H,H,H,H,H,B,B,H,H,A,B,H,H,H,H,H,B,H,H,A,A,H,A,H,A,H,B,H,A,H,A,B,H,H,B,A,B,H,H,-,H,A,H,A,B,H,H,H,H,H,H,-,H,B,H,H,H,B,H,H,B,H,H,H,B,-,H,H,H,A,H,H,B,H,H,A,H,H,H,B,A,H,H,A,A,H,B,A,A,B,H,B,-,A
id79,B,B,A,H,A,H,H,A,B,H,B,B,H,A,A,H,B,B,B,H,A,B,H,B,H,A,H,A,B,B,H,H,H,B,H,H,H,B,H,B,A,H,H,B,A,A,A,A,H,A,H,B,B,A,H,B,A,-,A,B,A,A,B,B,H,H,H,B,B,H,H,B,B,A,A,H,A,B,H,B,A,A,B,H,H,H,B,A,B,H,A,A,-,H,H,H,H,A,H,A
id80,H,H,A,H,H,H,H,A,H,H,H,H,A,A,A,H,H,B,H,H,B,A,H,H,A,A,H,H,B,A,H,A,H,A,B,A,A,H,H,H,B,H,-,H,A,-,B,H,H,A,H,A,A,H,H,H,A,A,B,B,A,B,A,B,H,H,H,H,H,H,H,H,H,H,H,H,H,H,H,A,A,A,A,H,H,A,H,H,H,H,H,H,A,H,H,A,A,A,H,H
id81,H,H,H,B,H,H,H,H,H,H,H,B,H,A,H,H,A,H,H,H,H,H,A,H,A,B,H,H,H,H,A,A,A,H,H,A,A,H,H,H,H,H,A,H,A,H,H,A,H,B,H,H,H,H,A,A,A,-,H,A,H,H,H,B,A,H,H,H,H,H,A,H,H,H,H,B,H,H,H,H,A,B,H,B,H,H,H,H,A,A,B,H,H,H,H,H,A,H,H,A
id82,H,A,B,B,H,H,H,B,B,H,H,H,H,H,B,H,H,A,H,A,A,H,H,H,H,A,H,H,H,H,H,H,A,H,H,H,H,B,B,-,H,H,H,A,H,-,A,A,A,A,A,B,B,H,B,H,H,H,B,B,H,H,A,B,H,A,H,H,A,H,H,H,H,H,H,H,A,H,H,H,H,A,B,H,H,H,H,H,H,H,A,H,-,H,H,H,H,A,H,H
id83,A,A,H,B,B,A,H,B,H,A,A,A,A,A,-,A,H,A,A,A,A,B,H,H,A,B,A,A,H,B,H,A,H,A,B,A,H,B,H,A,H,A,H,A,A,-,A,A,A,A,A,B,B,A,A,A,A,A,A,B,H,H,B,B,A,H,B,A,A,A,H,A,A,A,A,H,A,A,B,A,H,A,B,B,A,A,A,A,A,H,A,H,A,A,A,A,A,A,A,B
id84,H,H,B,H,B,A,H,H,H,A,A,A,B,B,B,A,H,H,-,H,A,B,H,H,H,H,H,B,H,B,A,B,H,H,A,B,A,H,B,A,H,A,H,H,B,H,A,A,H,A,H,H,B,B,H,A,B,-,A,B,B,A,B,B,H,H,B,A,H,A,H,A,H,B,A,H,A,H,H,H,B,H,H,H,A,B,H,B,A,-,H,H,-,A,A,B,B,H,A,B
id85,H,H,B,A,H,H,B,B,H,H,A,H,A,B,B,B,H,A,H,B,B,A,H,-,H,H,H,A,H,A,H,H,H,H,B,H,H,H,B,H,H,H,H,H,B,-,B,A,B,A,B,H,A,H,H,H,B,H,B,H,B,B,-,B,H,B,A,A,H,A,H,H,H,H,B,H,B,H,H,H,B,H,H,H,A,A,H,H,H,H,H,H,-,H,H,A,H,A,A,H
id86,B,H,A,B,B,A,A,H,A,A,H,H,A,H,A,H,A,H,H,A,H,H,A,H,H,H,H,A,A,H,A,H,A,H,B,H,A,H,H,H,A,H,A,H,H,-,H,A,A,B,A,H,H,A,A,A,H,H,H,A,A,A,H,B,H,A,H,H,H,A,A,A,H,A,B,B,H,H,H,H,H,B,H,H,A,A,H,A,A,A,H,B,-,A,A,A,H,B,A,H
id87,H,B,B,H,H,B,A,B,H,H,A,B,B,B,B,H,B,A,B,A,B,A,B,B,B,A,H,B,B,A,A,B,B,B,A,B,H,B,B,B,B,H,B,B,A,A,B,A,A,A,A,A,A,B,B,H,B,-,B,B,B,B,A,B,B,A,H,A,B,A,B,H,B,B,A,A,B,B,B,B,B,A,A,A,A,B,A,B,H,A,A,H,B,A,A,B,B,A,A,A
id88,A,H,H,H,H,H,B,H,B,B,A,H,A,H,H,H,A,H,H,B,A,B,A,H,H,A,H,A,B,B,A,H,A,H,B,H,A,H,H,H,-,H,A,H,H,A,A,A,B,B,B,H,B,A,A,B,-,-,A,B,B,A,B,B,H,B,H,A,H,A,H,H,H,H,A,B,A,H,H,H,H,A,B,H,A,A,H,A,B,A,A,A,A,A,A,A,H,A,A,H
id89,H,B,A,H,H,H,H,A,H,H,A,H,A,A,A,H,H,B,H,H,H,H,H,B,H,H,H,A,H,H,A,A,H,H,B,H,A,H,A,H,H,H,H,H,A,-,-,A,H,A,H,A,H,A,H,H,A,-,H,H,A,H,H,B,H,H,H,A,H,A,H,H,H,A,A,H,H,H,H,H,A,B,A,H,A,A,H,A,H,A,H,H,A,A,A,A,H,H,A,H
id90,A,A,A,A,H,H,B,A,H,H,A,H,H,A,A,H,B,B,H,B,H,A,H,A,A,A,H,H,H,A,A,A,A,H,B,A,H,H,H,H,B,H,H,H,A,-,B,A,B,A,B,H,H,H,A,H,A,H,B,H,A,H,-,B,A,B,-,A,H,A,H,H,H,H,B,A,H,H,H,H,A,A,H,B,A,A,H,H,H,A,H,H,H,A,A,A,A,H,A,H
id91,A,H,H,H,B,A,H,H,H,A,H,H,H,H,H,A,H,H,H,H,B,-,H,H,H,A,A,H,H,H,H,H,H,H,H,H,H,A,H,H,H,A,H,H,H,-,H,A,H,A,H,A,H,H,H,A,H,-,H,B,H,H,H,B,B,H,B,H,H,H,H,A,H,H,H,H,H,H,B,H,H,A,A,A,H,H,A,H,A,H,-,H,H,H,H,H,H,A,H,H
id92,H,B,A,B,B,H,A,A,A,H,H,A,H,H,A,H,H,B,H,A,H,B,H,H,H,H,H,A,A,B,A,H,H,B,H,H,H,H,H,B,H,H,H,B,H,-,A,A,A,A,A,B,B,A,H,H,H,-,A,H,A,A,B,B,H,A,H,H,B,H,H,A,A,A,H,H,A,B,H,B,H,H,B,H,B,H,H,A,H,A,H,B,-,A,H,H,H,-,H,H
id93,H,H,B,B,H,H,A,B,A,H,A,B,H,B,B,H,B,A,B,A,B,A,B,H,H,B,H,H,A,A,H,H,B,B,B,H,H,H,B,B,B,H,B,B,H,-,B,A,A,A,A,A,A,H,B,H,H,B,B,A,B,H,-,B,H,A,H,A,B,H,B,H,B,H,H,A,B,B,H,B,B,B,A,H,H,H,H,H,H,H,H,B,H,H,H,H,H,B,-,A
id94,A,H,A,H,H,A,H,A,H,H,B,H,H,H,A,A,H,A,H,H,H,H,H,H,H,H,A,H,H,H,H,H,H,H,H,H,H,H,H,H,H,A,H,H,H,-,H,A,H,A,H,H,H,H,H,H,H,H,H,H,A,H,-,B,H,H,B,B,H,B,H,H,H,H,H,H,H,H,B,H,H,H,H,H,B,H,A,H,H,H,H,H,-,B,B,H,H,H,B,H
id95,B,B,H,H,H,H,A,H,A,H,H,H,H,B,H,B,B,H,B,H,B,A,B,B,B,B,B,H,H,A,B,B,B,B,H,B,B,H,H,B,B,B,B,B,B,H,B,A,H,A,H,H,A,H,B,H,B,B,B,A,H,H,A,B,B,H,A,H,B,H,B,H,B,H,H,A,B,B,H,B,B,B,H,A,H,H,B,H,H,B,B,B,H,H,H,H,B,H,H,H
id96,B,B,B,A,H,H,B,B,B,H,A,H,A,B,B,B,H,A,H,B,H,H,H,H,B,A,H,A,B,H,A,B,H,H,H,B,A,B,B,H,H,B,H,B,B,-,H,A,B,A,B,H,H,A,B,H,B,-,H,B,B,A,H,B,B,B,A,A,B,A,H,H,B,A,A,H,H,H,H,H,B,A,H,A,A,H,B,A,H,A,A,A,A,A,A,H,B,A,A,H
id97,H,H,B,H,A,B,B,B,B,B,B,H,H,B,B,B,H,A,H,H,H,H,H,H,H,B,B,B,B,H,B,B,H,B,H,H,B,H,B,H,H,B,H,B,B,A,H,A,H,A,H,H,H,B,H,B,B,-,H,A,B,B,-,B,H,B,A,B,B,B,H,H,B,B,A,H,H,H,H,B,B,B,H,H,B,H,H,B,B,B,B,A,B,B,B,H,H,A,B,H
id98,H,B,A,B,H,H,A,H,A,B,H,H,A,A,H,H,A,H,H,A,H,H,A,B,A,H,H,A,A,H,A,A,A,B,B,A,A,B,H,H,A,H,A,B,A,-,H,A,A,B,A,B,H,A,A,B,A,B,H,H,A,A,H,B,A,A,H,H,B,H,A,B,H,A,A,B,H,H,H,B,A,H,B,B,H,A,H,A,B,A,A,B,-,A,A,A,A,H,H,H
id99,A,H,H,A,H,H,H,H,H,H,H,H,H,H,H,H,H,H,B,B,A,B,A,H,H,A,H,H,H,B,A,H,A,-,B,H,A,H,H,H,H,A,H,H,H,H,A,A,B,A,B,B,B,H,A,H,H,H,A,B,H,H,-,B,A,H,B,H,H,A,A,H,H,H,H,H,A,H,H,H,H,A,B,B,A,H,H,H,H,-,H,H,-,A,A,H,H,H,A,A
id100,H,A,H,H,B,H,B,H,B,B,A,A,B,H,H,B,H,H,A,B,H,H,A,A,A,H,H,B,B,H,H,A,A,A,A,A,H,H,H,A,H,B,A,A,H,-,H,A,B,B,B,H,H,B,H,H,H,-,H,H,H,B,-,B,A,B,A,A,A,H,A,A,A,B,B,H,H,A,H,A,H,H,H,B,H,B,B,B,H,H,H,A,-,H,H,B,A,A,H,B
id101,A,B,H,A,B,A,B,H,H,A,H,A,B,A,H,A,A,H,A,B,B,A,A,H,A,H,A,H,H,A,H,A,A,H,A,A,H,H,B,H,A,A,A,H,A,H,B,A,H,B,B,H,A,H,A,A,A,H,B,H,H,H,-,B,A,B,B,H,H,H,A,A,H,H,B,B,B,H,B,H,H,H,A,B,H,B,A,B,A,H,H,H,-,H,H,B,A,H,H,B
id102,A,H,H,A,A,B,B,H,B,B,B,B,B,H,H,B,A,H,H,B,H,H,A,H,H,H,B,B,H,H,B,H,A,A,A,H,B,H,H,A,A,B,A,H,H,B,H,A,B,B,-,A,H,B,H,B,H,-,H,H,H,H,-,B,H,B,A,B,H,B,A,B,A,B,B,B,H,A,H,A,H,H,A,H,B,B,H,B,B,B,H,A,B,B,B,B,H,H,B,H
id103,H,H,H,H,H,H,H,H,H,H,H,H,B,H,H,H,A,H,H,H,B,A,A,H,A,A,H,H,A,A,A,A,A,H,A,A,H,B,H,H,A,H,A,H,H,H,B,A,H,B,H,A,-,H,A,H,H,H,B,B,H,H,-,B,A,H,H,H,H,H,A,H,H,H,B,B,B,H,H,H,H,A,A,B,A,B,H,H,H,A,A,H,-,A,A,B,A,A,H,H
id104,H,A,-,H,H,H,H,B,H,H,A,H,A,A,H,A,A,A,A,H,H,A,A,A,H,H,A,A,H,A,H,H,A,A,H,H,H,H,H,A,A,A,A,A,A,-,B,A,H,B,H,H,H,A,A,H,H,-,B,H,A,A,A,B,H,H,B,A,A,A,A,H,A,A,B,B,H,A,H,A,A,H,H,H,A,H,-,A,H,H,H,H,-,H,H,H,H,H,A,B
id105,H,H,H,A,A,H,H,A,H,H,H,B,H,H,A,H,A,B,B,H,H,H,A,H,H,H,H,H,H,H,A,H,A,H,H,H,H,H,H,B,A,H,A,H,H,H,H,A,B,B,B,B,H,H,A,B,H,-,H,B,H,H,H,B,A,H,H,H,H,H,A,B,B,H,H,B,H,H,H,H,H,H,B,B,H,H,H,H,B,H,H,H,H,H,H,H,H,A,H,A
id106,A,A,B,B,B,A,A,B,A,A,B,A,B,B,B,A,-,A,A,-,H,H,B,A,B,H,A,B,B,H,B,B,B,A,A,B,B,B,B,A,B,A,B,A,B,B,H,A,A,A,A,B,H,B,B,A,B,-,H,A,B,B,H,B,B,A,B,B,A,B,B,A,B,B,A,-,H,A,B,A,-,B,B,A,B,B,A,B,A,B,H,B,B,B,B,B,B,B,B,B
id107,H,H,B,B,H,H,A,-,A,H,H,H,B,B,A,H,B,B,H,A,H,H,B,B,B,A,H,B,A,H,H,B,B,B,A,B,B,B,B,H,B,H,B,B,B,H,H,A,A,A,A,H,H,B,B,H,B,B,H,B,B,B,H,B,B,A,-,H,B,H,B,H,B,B,B,A,H,B,H,B,B,A,H,A,H,B,H,B,H,H,A,B,-,H,H,B,B,H,H,H
id108,B,A,B,B,H,B,A,B,A,B,H,A,H,B,B,B,H,A,A,A,H,H,H,A,B,B,B,H,-,H,A,B,H,A,A,B,H,H,B,A,H,B,H,A,B,-,H,A,A,A,A,H,H,H,B,B,B,-,-,A,B,H,-,B,B,A,A,H,A,H,H,H,A,H,B,H,H,A,H,A,B,B,H,A,H,H,B,H,B,A,H,B,-,H,H,H,B,B,H,B
id109,H,H,H,H,H,H,B,H,B,H,B,H,H,H,H,H,A,H,H,H,B,A,A,B,H,H,H,H,A,A,B,H,A,H,B,H,B,A,H,H,A,H,A,H,H,A,B,A,H,B,H,A,A,H,H,H,H,-,B,H,H,H,-,B,H,H,H,B,H,B,A,H,H,H,H,B,B,H,H,H,H,H,H,H,B,A,H,H,H,B,B,A,H,B,B,A,H,H,B,H
id110,A,A,A,H,B,A,H,A,H,A,-,A,H,H,A,A,A,B,A,H,H,B,A,A,H,B,A,A,B,B,H,H,A,A,H,H,H,A,H,A,A,A,A,A,H,-,A,A,H,B,H,B,H,A,H,A,H,-,A,A,A,-,B,B,H,H,-,H,A,H,A,A,A,A,A,-,H,A,B,A,H,B,B,H,H,H,A,A,A,H,B,B,H,H,H,H,H,B,H,B
id111,H,H,H,A,H,H,H,H,H,H,H,H,H,A,H,A,A,H,H,H,A,B,A,H,H,H,H,H,H,B,H,A,A,H,H,H,H,H,H,H,A,A,A,H,A,H,A,A,B,B,B,B,B,H,A,H,A,H,A,H,H,H,B,B,A,-,B,H,H,H,A,H,H,H,H,B,A,H,H,H,A,H,B,B,H,H,H,H,H,H,H,H,H,H,H,H,A,H,H,H
id112,A,H,A,H,H,A,B,A,B,A,H,H,H,A,A,A,H,B,H,B,B,A,H,H,A,A,A,H,B,H,B,A,H,H,H,A,B,A,H,H,A,A,H,H,A,-,B,A,B,A,B,A,A,H,A,A,A,-,H,B,H,A,H,B,A,B,B,H,H,H,H,-,H,H,H,H,A,H,B,H,A,A,A,B,H,H,A,H,A,B,H,A,H,B,B,H,A,A,H,H
id113,A,A,H,A,B,H,A,H,A,A,B,A,A,H,H,H,H,H,A,H,H,H,H,A,H,H,A,H,B,H,B,H,H,A,B,H,B,B,H,A,B,H,H,A,H,H,H,A,H,A,H,A,H,H,H,A,H,-,H,H,H,H,H,B,H,A,H,B,A,A,H,A,A,H,H,H,H,A,B,A,H,H,-,H,B,A,A,H,A,B,H,B,A,B,B,A,H,H,B,B
id114,H,H,H,A,H,H,B,B,H,H,B,B,B,B,B,H,B,A,B,B,A,B,B,B,B,A,H,H,H,B,B,B,B,B,A,B,B,B,H,B,B,H,B,B,B,H,A,A,B,A,B,B,B,A,B,H,B,B,A,H,H,H,-,B,B,B,H,B,B,B,B,H,B,A,H,A,A,B,H,B,H,A,B,A,B,B,H,A,H,B,A,H,B,B,B,B,B,H,B,A
id115,B,B,B,H,H,B,H,B,H,B,A,H,H,B,B,B,H,A,B,H,B,B,H,B,B,H,B,H,H,B,H,B,B,B,B,B,H,H,B,B,H,B,H,B,B,-,A,A,H,A,H,H,B,H,B,B,B,B,A,H,B,A,B,B,B,A,A,A,B,A,H,A,B,H,H,H,A,B,H,B,B,H,H,A,A,A,B,H,A,H,H,H,-,H,A,A,B,A,A,H
id116,H,H,A,H,A,B,B,A,B,B,B,B,H,A,A,B,H,B,H,B,B,A,H,H,A,-,B,H,B,A,A,A,A,H,H,A,A,A,A,H,H,B,H,H,A,-,B,A,B,A,B,A,A,H,A,B,A,-,B,B,A,H,A,B,A,B,A,B,H,H,A,B,H,H,H,H,B,H,H,H,A,B,A,B,A,H,B,H,B,A,B,A,-,A,A,H,A,A,H,H
id117,A,H,B,H,H,H,A,B,A,H,A,H,-,H,B,H,A,A,H,H,H,H,H,A,A,B,H,A,A,H,A,-,H,H,B,H,H,A,B,H,A,H,A,H,H,B,H,A,H,A,H,H,H,A,H,H,H,H,H,H,H,A,H,B,H,A,H,A,H,A,H,H,H,A,A,B,H,H,B,H,H,H,H,H,A,A,A,A,H,A,B,H,-,A,A,A,H,-,A,H
id118,B,A,A,H,H,H,H,A,B,A,H,H,H,H,A,B,H,B,H,H,H,H,H,A,H,H,B,A,B,H,H,H,A,A,H,H,H,A,H,H,H,B,H,H,H,A,H,A,H,A,H,H,H,A,A,A,H,A,H,B,A,H,-,B,A,H,A,H,H,H,H,H,H,A,A,H,H,H,H,A,A,H,H,B,H,H,B,A,A,H,B,A,-,H,H,H,H,A,H,H
id119,H,H,H,H,A,H,A,H,A,H,H,B,A,H,H,H,B,H,-,H,A,B,B,H,H,H,H,A,A,B,H,H,B,H,B,H,H,A,H,H,B,H,B,H,H,-,A,A,H,A,H,B,B,A,B,H,H,H,A,H,H,H,B,B,H,A,H,H,H,H,B,B,A,A,A,A,A,H,H,H,H,H,B,H,H,A,H,A,H,A,B,B,-,H,H,A,H,-,A,A
id120,H,H,H,A,B,H,B,H,B,H,B,A,B,H,H,H,B,H,A,B,H,H,B,H,H,H,H,B,B,H,H,H,H,H,H,H,H,H,H,A,B,H,B,H,H,A,H,A,B,A,B,-,H,B,H,A,H,H,H,-,H,-,H,B,H,B,H,B,H,H,B,A,H,B,H,A,H,H,H,H,H,H,H,H,H,H,H,B,A,H,H,A,B,H,H,H,H,A,H,B
id121,H,A,B,H,B,H,A,B,A,A,A,A,H,H,B,H,B,A,A,A,B,A,H,A,H,B,H,B,A,A,H,H,H,A,A,H,H,A,B,A,B,H,B,A,H,B,B,A,A,A,A,A,A,B,H,A,H,A,B,H,B,H,-,B,H,A,H,A,A,A,H,A,B,B,B,A,B,A,H,A,B,B,A,H,A,B,H,B,A,A,B,B,-,A,A,H,H,B,A,B
id122,H,B,H,H,B,A,H,H,H,A,H,H,H,H,H,H,B,H,H,H,A,B,B,B,B,H,H,H,H,B,A,B,B,A,H,B,A,H,H,A,B,H,B,A,H,H,B,A,H,A,H,H,B,H,H,A,H,-,A,H,H,B,B,B,B,H,H,H,A,H,B,A,A,H,B,A,A,A,H,A,H,H,H,A,A,H,H,H,A,A,H,H,-,A,A,H,B,H,H,H
id123,H,H,A,H,B,H,H,A,H,B,A,B,H,A,A,A,A,B,H,H,A,B,A,H,A,H,H,A,H,B,A,A,A,H,A,A,A,H,H,H,A,A,A,H,A,H,A,A,H,B,H,H,B,H,A,B,A,-,A,H,A,H,-,B,A,H,B,A,-,A,A,B,H,H,H,B,A,H,B,H,A,H,H,B,A,H,A,H,B,A,H,H,H,H,A,-,A,H,-,H
id124,A,H,H,H,H,A,B,H,B,H,H,H,H,H,H,A,B,H,B,H,H,H,B,H,B,H,A,H,B,H,H,H,B,B,H,H,H,B,H,B,H,A,B,H,H,-,H,A,H,A,H,H,H,H,B,H,H,-,H,H,H,B,H,B,B,B,B,H,H,H,B,H,H,B,B,A,H,B,B,B,H,H,-,A,H,H,A,B,H,H,A,A,-,H,H,H,H,A,H,A
id125,H,H,A,H,H,H,A,H,A,H,H,H,A,A,H,H,H,H,H,H,H,H,A,H,A,B,H,A,A,A,B,A,A,H,B,A,H,A,H,H,H,H,H,H,A,B,H,A,H,B,H,A,H,A,A,H,A,-,B,A,A,H,-,B,A,A,H,H,H,H,A,H,B,A,H,H,H,H,H,H,A,B,A,B,H,A,H,A,H,B,B,B,-,B,B,A,A,B,H,H
id126,H,A,A,H,B,H,H,A,B,H,H,A,H,H,A,H,H,B,A,H,A,B,H,A,H,A,H,B,B,B,A,H,H,A,A,H,H,H,H,A,H,B,H,A,H,-,A,A,H,A,H,B,B,B,H,A,H,A,A,B,A,B,-,B,H,H,A,H,A,A,H,A,B,B,A,H,A,A,H,A,H,A,B,H,A,B,B,B,A,A,H,H,H,A,A,B,H,A,H,B
id127,H,H,A,B,H,H,A,A,A,B,B,H,B,A,A,H,A,B,H,A,B,A,A,H,A,B,H,H,A,A,H,A,A,H,A,A,A,B,H,H,A,H,A,H,A,B,B,A,A,B,A,H,A,H,A,H,A,-,B,A,A,H,A,B,A,A,H,B,H,B,A,H,B,H,H,B,B,H,H,H,A,B,H,B,B,B,H,H,B,-,H,B,B,H,H,B,A,B,B,H
id128,B,A,A,A,H,H,B,A,B,H,H,H,H,H,A,H,A,B,H,B,H,H,A,A,H,H,H,A,B,H,A,H,A,H,A,H,A,H,H,H,A,B,A,H,H,-,H,A,B,B,B,H,H,A,A,H,H,-,H,H,H,A,H,B,H,B,A,H,H,B,A,H,H,A,A,B,H,H,H,H,H,H,H,H,B,B,B,A,H,H,H,A,-,B,B,B,H,A,B,H
id129,A,A,A,H,H,H,B,A,B,H,H,A,A,H,A,H,A,B,A,B,H,B,A,A,A,A,H,H,B,B,A,H,A,A,B,H,A,B,A,A,A,H,A,A,H,A,A,A,H,B,H,H,H,H,A,H,H,A,A,B,A,A,-,B,A,B,H,H,A,A,A,H,A,A,A,B,H,A,B,A,H,A,H,B,A,A,A,A,H,A,A,A,-,A,A,A,H,A,A,B
id130,A,A,B,B,B,A,H,B,H,A,A,A,H,B,B,A,H,A,A,H,H,H,H,A,H,H,A,H,B,H,H,H,H,A,H,H,A,H,B,H,H,A,H,A,B,-,H,A,H,A,H,H,H,A,H,A,H,-,H,H,B,H,-,B,H,H,B,A,A,A,H,-,H,H,H,H,H,H,B,A,B,H,H,H,A,H,A,H,A,H,H,H,-,H,A,H,H,H,A,B
id131,H,B,A,A,A,B,H,A,H,B,B,B,A,A,A,B,A,B,B,B,A,B,A,B,A,H,B,A,H,B,H,A,A,B,B,A,H,H,A,B,A,B,A,B,A,-,A,A,B,B,-,H,B,A,A,B,A,-,A,H,A,A,B,B,A,H,A,B,B,B,A,B,H,A,H,B,A,B,H,B,A,H,H,B,H,A,B,A,B,H,H,H,-,H,H,A,A,H,B,A
id132,A,A,H,A,H,B,B,B,B,B,A,H,H,B,B,B,H,A,H,B,A,B,H,A,B,H,B,H,B,B,A,B,H,H,H,-,H,H,H,H,H,H,H,H,B,A,A,A,B,A,B,B,B,H,B,B,B,-,A,H,B,H,B,B,B,B,H,A,H,A,H,H,H,H,H,H,A,H,H,H,B,H,B,A,A,H,H,H,B,A,H,A,H,A,A,H,B,H,A,H
id133,H,A,H,H,H,H,H,H,H,H,B,H,B,H,H,H,H,H,H,H,B,A,H,A,B,H,H,B,H,A,H,H,H,H,A,B,B,-,H,H,H,H,H,-,H,-,B,A,H,A,H,H,A,B,H,H,H,H,H,H,H,H,H,B,B,H,H,B,H,H,H,H,H,B,B,H,B,H,H,H,H,H,H,A,H,B,H,B,H,A,H,H,B,H,H,B,B,H,B,H
id134,H,H,H,H,B,H,H,B,H,B,H,A,H,A,B,B,A,A,H,H,B,A,A,H,-,H,H,H,H,A,H,A,H,H,A,A,A,H,H,H,A,H,A,H,A,-,B,A,H,B,H,A,A,H,A,H,A,-,B,H,A,A,-,B,A,H,H,H,H,H,A,A,H,H,H,B,B,H,H,H,A,H,A,B,H,B,B,H,H,H,H,H,-,H,H,B,A,H,H,H
id135,H,A,A,H,A,B,A,A,A,H,A,H,A,A,A,H,A,H,H,H,B,A,A,A,A,B,B,A,A,A,H,A,A,A,B,A,H,A,A,A,A,H,A,A,A,-,B,A,H,B,H,H,A,A,A,B,A,-,B,A,A,A,A,B,A,A,H,A,A,A,A,B,B,H,B,B,B,A,H,A,A,B,B,B,A,A,H,H,B,H,B,B,A,H,H,A,A,B,A,H
id136,H,A,-,A,H,H,B,A,H,H,B,A,H,H,A,H,H,B,A,B,H,H,H,H,H,A,H,H,B,H,B,H,H,H,A,H,B,B,H,A,H,H,H,H,H,A,H,A,B,H,B,H,H,B,H,H,H,A,H,B,A,H,H,B,H,B,H,B,H,B,H,H,A,H,A,H,H,A,H,A,A,A,H,H,B,B,H,H,H,B,A,H,H,B,B,B,H,A,B,B
id137,H,H,A,H,H,H,A,H,A,H,B,B,H,H,H,H,B,H,B,-,H,H,B,H,H,H,H,H,A,H,B,H,B,H,H,H,B,H,H,B,B,A,B,H,H,-,H,A,H,A,A,H,H,H,B,H,H,-,H,H,A,B,-,B,B,A,B,B,H,B,B,H,B,H,H,A,H,B,H,H,H,H,H,A,B,H,H,H,H,B,H,B,-,B,B,H,H,B,B,A
id138,A,A,A,H,H,H,H,A,H,H,H,H,H,A,A,A,H,B,H,H,B,A,A,A,A,H,A,H,H,A,A,A,A,H,A,A,H,H,H,A,H,A,A,H,A,-,B,A,H,B,H,A,A,H,A,H,A,-,B,H,A,H,A,B,A,H,B,H,H,H,A,H,A,H,H,H,B,A,B,H,A,H,A,B,H,B,A,H,H,A,H,H,-,A,H,B,A,H,H,H
id139,H,A,H,H,B,H,H,H,H,H,A,A,H,B,H,H,H,H,A,H,H,H,B,A,B,H,H,H,A,H,H,B,B,A,H,B,H,H,H,A,H,H,H,-,B,B,H,A,H,A,H,A,H,H,B,H,B,-,H,H,B,H,H,B,B,-,H,A,A,A,B,A,A,H,H,H,H,A,H,A,B,H,A,A,A,H,H,H,H,A,H,H,H,A,A,H,B,H,A,B
id140,H,H,H,A,A,B,B,H,H,B,A,B,B,H,H,H,B,H,H,B,H,H,B,H,B,H,H,B,H,H,A,H,B,H,H,B,A,B,H,H,B,H,B,H,H,H,H,A,B,A,B,H,H,B,B,B,H,-,H,H,H,B,-,B,B,B,H,A,H,A,B,B,H,B,B,A,H,H,H,H,H,H,H,A,A,H,H,B,B,A,A,H,B,A,A,H,B,H,A,H
id141,A,A,B,H,B,A,B,B,H,A,A,A,H,H,B,A,A,A,A,H,A,B,A,A,H,H,A,A,H,B,H,H,A,A,H,H,H,H,B,A,A,A,A,A,H,H,A,A,H,B,H,H,B,A,H,A,H,-,A,H,B,A,-,B,H,B,B,A,A,A,A,A,-,A,A,B,A,A,B,A,H,H,H,H,A,H,A,A,A,H,H,H,H,A,A,H,H,B,A,B
id142,A,H,H,H,H,H,A,B,H,H,H,H,B,B,B,A,H,A,A,A,B,A,B,H,B,A,H,H,H,A,A,B,B,H,A,B,A,H,H,A,H,A,H,H,B,-,B,A,A,A,A,A,A,H,B,H,B,-,B,B,H,H,A,B,B,A,B,H,H,A,B,H,H,H,H,H,B,A,B,H,B,A,A,A,A,B,A,H,H,A,H,B,-,A,A,B,B,A,A,B
id143,A,B,H,H,H,A,H,-,H,A,A,H,H,H,B,H,B,A,H,H,A,B,B,B,H,H,A,H,H,B,H,H,B,H,H,H,H,H,H,H,B,H,B,H,H,-,A,A,H,A,H,H,B,H,H,A,H,-,A,H,H,A,-,B,H,H,H,A,H,A,B,H,A,H,H,A,A,H,H,H,H,H,H,H,A,H,H,H,A,H,H,H,-,H,H,H,H,H,A,H
id144,H,A,B,H,B,A,H,B,H,A,H,A,H,B,B,A,B,A,A,H,H,H,B,A,B,B,A,H,H,H,H,B,B,A,A,B,H,A,B,A,-,B,B,A,B,-,H,A,H,A,H,H,H,H,-,A,B,-,H,H,B,B,-,B,B,H,A,H,A,H,B,A,B,H,B,A,H,A,H,A,B,B,H,A,H,B,B,B,A,H,B,H,-,H,B,B,B,H,H,B
id145,H,H,B,H,B,A,A,B,A,A,B,A,B,B,B,H,A,A,A,H,A,B,A,H,B,B,A,H,A,B,H,B,H,H,A,B,H,A,B,H,A,H,A,B,B,B,A,A,H,B,H,H,B,H,H,A,B,-,A,A,B,A,-,B,B,A,H,B,H,B,A,A,H,H,H,B,A,H,H,H,B,B,H,A,H,B,H,H,A,H,B,B,-,H,H,B,B,-,-,B
id146,H,H,B,H,H,H,B,B,B,H,A,H,A,H,B,H,B,A,H,H,H,H,B,H,H,H,H,A,B,H,H,H,H,H,B,H,H,H,B,H,B,H,B,H,H,A,H,A,H,A,H,H,H,A,H,H,H,-,H,H,B,B,-,B,H,B,H,A,H,H,B,H,H,A,H,A,H,H,H,H,H,H,H,H,H,A,H,A,H,H,H,A,-,H,H,A,H,A,H,H
id147,A,H,A,H,H,H,B,A,B,H,H,H,A,A,A,H,H,B,H,B,H,H,A,H,-,H,H,B,B,H,A,A,A,B,B,A,H,H,H,H,H,-,H,H,A,-,H,A,B,A,B,H,H,B,A,-,A,-,H,H,A,B,-,B,A,-,H,H,H,H,A,H,H,B,B,H,H,H,B,B,A,H,H,B,H,A,A,B,H,H,H,A,H,H,H,A,A,A,H,H
id148,H,H,H,H,H,H,A,H,B,H,B,H,H,H,H,B,H,H,H,A,B,A,H,H,H,H,H,H,H,A,B,H,H,H,H,H,B,H,H,H,H,B,H,H,H,H,B,A,A,A,A,H,A,H,H,H,H,H,B,H,H,H,-,B,H,A,A,B,H,B,H,H,H,H,A,H,B,H,H,H,H,H,H,H,B,H,H,H,H,B,H,H,H,B,B,H,H,H,B,H
id149,H,A,B,B,H,H,A,B,A,H,B,A,H,A,B,H,H,A,A,A,H,H,H,H,A,H,H,H,B,H,A,A,H,A,H,A,B,H,B,A,H,H,H,A,A,B,H,A,A,A,A,H,H,H,A,H,A,A,H,H,B,A,H,B,H,A,H,B,A,H,H,H,A,H,H,H,H,A,H,A,A,H,H,H,H,-,H,H,H,A,H,B,H,A,H,H,A,B,H,B
id150,A,B,H,B,B,H,B,H,B,H,H,A,B,-,H,A,B,H,H,H,H,H,B,H,B,A,A,B,B,H,H,B,B,B,A,B,H,B,-,H,B,A,B,H,B,-,H,A,H,A,H,H,H,B,B,H,B,-,H,H,B,B,H,B,B,B,B,H,H,H,B,H,B,-,-,A,H,H,B,B,B,H,H,A,H,B,A,B,H,H,A,A,-,H,H,B,B,H,H,B
id151,H,A,B,A,H,H,H,B,H,H,H,A,H,B,B,H,H,A,H,H,A,B,H,A,H,H,H,H,B,B,A,H,H,H,A,H,H,H,B,H,H,H,H,H,B,-,A,A,H,A,H,B,B,H,H,H,B,H,A,B,B,B,-,B,-,H,H,H,H,-,H,H,H,H,B,H,A,H,H,H,B,H,B,H,H,B,H,H,H,A,H,H,-,A,H,B,H,H,H,B
id152,H,H,H,B,H,H,H,H,H,H,B,H,H,A,H,B,H,H,H,H,H,H,A,H,H,A,H,H,A,H,B,H,A,H,H,H,B,B,H,H,H,H,H,H,A,-,H,A,A,B,A,H,H,H,H,H,H,H,H,H,H,B,H,B,H,H,A,B,H,B,A,H,H,H,H,H,H,H,H,H,H,H,H,H,B,H,H,H,H,B,A,H,-,B,B,H,H,H,B,H
id153,B,B,H,H,H,H,H,A,H,-,B,B,A,H,A,B,H,B,B,H,A,B,H,B,H,-,H,A,H,B,A,H,H,B,B,H,A,A,H,B,H,B,H,B,H,H,A,A,H,H,H,B,B,A,H,H,H,-,A,A,H,H,B,B,H,H,A,B,B,H,H,H,B,A,A,H,A,B,H,B,-,B,H,H,B,A,B,A,H,A,B,H,-,A,H,A,H,B,H,A
id154,H,H,A,H,H,H,B,A,B,H,H,H,B,H,A,H,H,B,A,B,B,A,H,H,H,A,H,B,B,A,B,H,H,H,A,H,B,B,H,A,H,H,H,H,H,A,B,A,B,A,B,H,A,B,H,H,H,-,B,B,A,H,A,B,H,B,H,H,H,H,H,H,A,B,B,H,B,A,H,H,H,A,H,H,H,B,H,B,H,H,A,A,B,H,H,B,H,-,H,B
id155,H,B,B,H,H,H,H,B,H,H,H,H,A,H,B,H,H,A,H,H,H,H,A,B,A,H,H,H,H,H,B,A,A,B,B,A,B,B,B,H,H,H,H,B,H,H,H,A,H,A,H,A,H,H,A,H,H,-,H,H,H,H,H,B,A,H,H,H,B,H,A,H,B,H,H,H,H,H,H,B,H,H,H,B,H,A,H,H,H,B,A,H,-,B,H,A,A,H,H,H
id156,A,H,H,B,H,H,B,H,B,A,H,H,B,H,H,B,B,H,H,H,H,H,B,H,B,H,B,B,B,H,H,B,B,H,A,B,H,A,H,H,B,B,B,H,B,-,H,A,H,A,H,B,H,B,B,A,B,H,H,H,H,B,-,B,B,H,A,H,H,H,B,H,A,B,B,A,H,H,B,H,H,H,B,A,H,B,H,B,A,H,B,A,B,H,H,B,B,A,H,H
id157,H,B,B,H,A,B,A,B,A,B,A,H,B,B,B,B,B,H,H,A,H,H,B,H,B,A,B,H,A,H,A,B,B,H,A,B,A,B,B,H,B,B,B,H,B,B,H,A,H,A,H,H,H,H,B,-,B,-,H,B,B,H,-,B,B,A,A,A,A,A,B,B,H,H,A,A,H,H,H,H,B,A,H,A,A,B,H,H,B,A,A,B,-,A,A,B,B,B,A,H
id158,H,H,H,A,H,H,B,H,B,H,H,A,A,H,H,H,H,H,A,B,H,H,H,B,H,A,H,A,B,H,H,H,H,A,B,H,H,B,H,A,A,H,H,A,H,A,H,A,B,A,B,H,H,A,H,-,H,A,H,B,H,A,H,B,H,B,H,H,A,H,H,H,A,A,A,H,H,B,H,A,H,B,H,H,H,A,H,A,H,H,A,A,-,H,H,A,H,A,H,B
id159,A,B,B,A,H,H,B,B,H,H,H,H,H,A,B,A,B,A,H,B,A,B,H,B,H,B,A,H,H,B,H,A,H,H,H,B,H,A,B,A,B,A,B,H,A,H,A,A,B,A,B,B,B,H,H,H,A,A,A,A,H,A,-,B,H,B,B,H,H,A,H,H,A,H,H,A,A,A,B,H,A,B,B,H,A,H,A,A,H,H,B,A,H,H,A,H,B,H,A,H
id160,A,A,B,H,B,A,H,B,H,A,H,A,H,B,B,H,A,A,A,B,H,H,A,A,H,H,H,H,B,H,H,B,A,A,A,H,H,H,B,A,A,H,A,A,B,-,H,A,B,B,B,A,H,H,A,A,B,-,H,H,B,A,H,B,H,H,H,H,A,H,A,A,A,H,H,B,H,A,B,A,B,H,A,B,H,H,H,H,A,H,H,H,H,H,-,H,H,H,H,B
id161,B,B,H,A,H,B,H,B,H,H,H,H,H,B,B,B,B,A,H,H,B,H,B,B,B,H,B,H,A,A,B,B,B,B,A,B,B,H,H,H,B,B,B,B,B,-,H,A,H,A,H,A,H,H,B,A,B,H,B,H,H,B,A,B,B,H,A,H,B,H,B,H,H,H,H,A,H,H,H,B,B,H,A,A,H,B,B,H,H,B,H,H,-,B,H,B,B,H,H,H
id162,B,H,A,A,A,B,B,A,B,B,B,B,A,A,A,B,H,B,B,B,A,B,H,A,A,H,B,H,A,B,A,A,H,B,B,A,A,H,H,B,H,B,H,B,A,-,A,A,B,A,B,H,B,H,A,B,A,B,A,H,A,H,B,B,A,B,A,B,B,B,H,B,A,H,B,-,A,B,H,B,A,H,H,B,H,A,B,H,-,A,H,A,H,H,H,A,A,A,B,A
id163,B,B,H,A,H,B,B,H,B,B,H,H,A,H,H,B,A,H,B,B,H,B,A,B,A,A,B,A,A,H,H,A,A,B,B,A,H,B,H,B,A,B,A,B,A,A,H,A,B,B,B,B,H,A,A,B,A,-,H,B,H,A,H,B,A,B,A,H,B,H,A,B,B,A,A,B,H,B,H,B,H,A,B,B,H,A,B,A,B,-,A,A,A,H,H,A,A,A,H,H
id164,H,H,A,B,A,A,A,H,A,A,A,B,A,A,H,A,H,H,B,A,B,A,H,H,H,H,A,A,A,A,H,H,H,B,B,H,H,A,A,B,H,A,H,B,A,B,B,A,A,H,A,H,A,A,H,A,H,-,B,H,A,H,-,-,H,A,B,A,B,H,H,B,B,A,A,H,B,B,H,B,A,H,H,H,H,A,H,A,A,H,H,B,-,H,H,A,H,B,-,A
id165,B,H,H,H,H,H,A,H,A,H,A,H,A,H,H,B,H,H,H,A,H,H,H,H,H,B,H,A,A,H,A,H,H,H,B,H,A,A,H,H,H,B,H,H,H,-,H,A,A,A,A,B,H,A,H,H,H,H,H,A,H,H,H,B,H,A,A,H,H,A,H,H,H,A,A,H,H,H,H,H,H,B,B,H,A,A,B,A,H,A,B,B,A,A,A,A,H,B,A,H
id166,H,A,H,B,B,A,H,A,H,A,A,A,H,H,A,H,A,B,A,H,A,B,A,A,A,A,A,H,H,B,A,A,A,A,H,H,H,B,H,A,A,H,A,A,H,-,A,A,H,B,H,H,B,H,A,A,A,A,A,B,H,A,-,B,A,H,H,A,A,A,A,A,H,H,-,B,A,A,H,A,H,A,H,B,A,H,B,H,A,A,A,B,H,A,A,H,H,H,A,B
id167,B,A,B,H,H,H,H,H,H,H,B,H,H,B,H,H,H,H,H,H,A,B,H,A,B,H,H,H,H,B,H,B,H,H,H,B,H,H,B,H,B,H,H,A,B,-,A,A,H,A,H,B,B,H,H,H,B,-,A,H,B,B,B,B,B,H,H,H,A,H,H,H,H,H,H,H,A,H,H,H,B,H,B,A,H,H,H,H,H,H,H,H,-,H,H,H,B,H,H,-
id168,H,H,A,A,B,A,B,A,B,A,B,A,H,H,A,A,H,B,A,B,A,B,H,H,H,A,A,H,B,B,B,H,H,H,H,H,B,B,H,H,H,A,H,H,H,A,A,A,B,A,B,B,B,H,H,A,H,H,A,B,A,B,-,B,H,B,B,B,H,B,H,A,H,H,A,H,A,H,B,H,H,A,B,H,-,H,A,H,A,B,H,A,H,B,B,H,H,A,B,B
id169,B,A,H,B,A,B,A,H,A,B,H,B,H,A,H,B,H,H,H,A,B,A,H,A,A,B,B,H,H,A,B,A,A,A,B,A,H,A,H,H,H,B,H,A,A,B,B,A,A,A,A,A,A,H,A,B,A,-,B,A,H,H,-,B,A,A,A,H,A,H,H,B,A,H,A,H,B,H,H,A,H,B,A,B,H,A,B,H,B,B,H,B,-,B,A,A,A,B,H,A
id170,H,H,H,A,H,H,B,H,B,H,H,H,B,H,H,H,B,H,H,B,A,B,B,H,B,A,H,B,B,B,H,B,B,B,A,B,B,B,H,B,B,H,B,H,H,A,A,A,-,A,B,B,-,B,B,H,H,-,A,B,H,B,-,B,B,H,H,H,H,H,B,H,B,B,H,A,A,B,H,B,H,A,B,A,H,B,H,B,H,H,A,A,-,H,H,B,B,A,H,H
id171,H,H,A,A,H,A,B,A,B,A,B,H,A,H,A,H,A,B,H,B,A,H,A,H,H,H,A,A,B,H,H,H,H,H,-,H,H,H,H,H,A,H,A,H,H,A,H,A,B,B,B,B,B,A,H,A,H,-,H,H,A,A,-,B,H,B,H,H,H,H,A,H,H,A,A,B,A,H,H,H,A,H,B,H,H,H,H,A,A,H,H,A,-,H,H,H,H,A,H,H
id172,B,H,H,H,H,H,H,A,A,H,H,H,H,B,A,B,H,B,H,H,B,A,H,H,H,H,B,H,H,A,H,H,H,H,H,H,H,H,H,H,H,B,H,H,H,-,B,A,H,A,H,A,A,H,H,H,H,H,B,H,H,H,A,B,H,H,A,H,H,H,H,H,H,H,H,H,B,H,H,H,H,H,A,H,H,H,B,H,H,H,H,B,H,H,H,H,H,B,H,H
id173,H,B,H,A,A,B,B,H,B,B,B,B,A,H,H,H,H,H,B,B,B,H,H,B,H,H,H,H,B,H,H,-,-,B,B,H,H,H,H,B,H,H,H,B,H,A,H,A,B,A,B,A,A,H,H,B,H,B,H,H,H,H,H,B,H,B,H,B,B,H,H,B,B,H,H,H,B,B,H,B,H,H,A,H,H,A,H,H,B,H,H,A,A,A,H,A,H,H,H,A
id174,-,-,H,-,-,-,-,-,-,-,B,-,A,-,H,-,-,-,-,-,-,-,-,-,-,-,A,-,-,-,-,-,-,H,-,-,-,-,-,H,-,A,-,H,-,-,-,-,-,-,-,-,-,A,B,-,-,-,-,-,-,-,-,-,-,B,-,-,-,-,B,-,H,-,-,-,-,-,H,-,B,-,H,-,-,-,-,-,-,-,-,-,-,-,-,A,-,-,-,-
id175,H,H,B,A,A,H,B,B,B,B,H,B,H,B,B,H,H,A,B,B,H,H,H,H,B,A,H,H,B,H,A,B,H,B,H,B,A,B,B,B,H,H,H,B,B,A,H,A,B,A,B,H,H,H,B,B,B,B,H,B,B,H,H,B,B,B,H,H,B,A,H,B,B,H,B,H,H,B,H,B,B,A,H,A,A,H,H,H,B,A,A,A,-,A,A,H,B,A,A,A
id176,H,B,A,A,H,B,-,H,B,B,H,H,A,A,A,H,B,H,B,B,H,H,B,H,A,A,B,H,B,H,H,A,A,B,A,A,A,B,H,B,B,B,B,B,A,A,H,A,B,A,B,H,H,H,A,B,A,-,H,B,A,B,-,B,A,B,A,H,B,H,H,B,B,B,B,A,H,B,H,B,A,A,H,B,H,B,B,B,B,H,A,A,A,H,H,B,A,A,H,A
id177,H,H,B,A,A,B,B,B,B,B,H,-,B,B,B,H,H,A,B,B,A,B,H,H,A,H,B,B,A,-,H,A,H,B,A,A,H,H,B,B,H,H,H,H,B,A,A,A,B,A,B,B,B,B,H,B,B,-,A,H,B,B,B,B,A,B,H,H,H,B,H,B,B,B,B,H,A,B,H,B,B,H,B,H,B,B,H,B,B,H,H,A,-,H,H,B,A,A,H,A
id178,B,H,H,H,H,H,H,B,H,H,H,H,H,H,B,H,B,A,H,H,H,H,B,H,H,A,H,B,H,H,H,H,B,H,H,H,H,B,H,H,B,H,B,H,H,-,H,A,H,A,H,H,H,B,H,H,H,-,H,B,H,B,H,B,H,H,H,H,H,H,B,H,H,B,B,A,H,H,H,H,H,A,H,H,H,H,H,B,H,H,A,H,B,H,H,H,H,H,H,H
id179,H,H,H,B,H,H,H,-,H,H,H,H,A,B,H,H,B,H,H,H,A,B,B,H,B,H,H,H,H,B,H,H,B,-,B,B,H,H,H,H,B,H,B,B,B,-,A,A,H,A,H,B,B,H,B,H,H,B,A,H,B,B,B,B,-,H,H,H,B,H,B,H,A,H,H,A,A,H,H,B,B,H,B,A,H,A,H,H,H,H,H,H,A,H,H,A,B,H,H,H
id180,H,H,H,A,H,H,H,H,H,H,H,H,H,B,H,H,H,H,H,H,H,A,H,H,H,H,H,H,A,A,H,H,H,H,H,H,H,H,H,H,H,H,H,H,B,H,B,A,H,A,H,H,H,H,H,H,H,H,B,H,H,H,A,B,H,H,H,H,H,H,H,H,H,H,A,H,H,H,H,H,B,H,H,H,H,H,H,H,H,H,H,H,-,H,H,H,H,H,H,H
id181,B,B,A,H,A,B,A,H,H,B,B,B,B,B,H,B,B,H,B,H,H,A,B,B,B,-,B,B,H,H,H,B,B,B,A,B,H,H,H,B,B,H,B,B,B,H,B,A,H,A,H,H,A,B,B,B,B,B,H,H,A,B,-,B,B,A,H,B,B,B,B,B,B,B,B,A,B,B,H,B,A,H,H,A,B,B,H,B,B,B,H,H,B,B,B,B,B,H,B,A
id182,A,H,H,H,H,A,H,H,H,A,B,A,H,H,H,A,B,H,A,H,A,B,B,A,B,H,A,H,H,B,B,B,B,A,A,B,H,H,H,A,B,H,B,H,H,H,A,A,H,A,H,B,B,H,B,H,B,-,A,H,A,B,-,B,B,H,H,B,A,B,B,H,A,-,H,A,A,A,H,A,H,H,B,A,B,B,H,H,H,B,A,H,H,B,B,B,B,H,B,B
id183,H,H,A,H,H,B,H,B,B,B,H,B,H,B,B,B,B,A,B,-,H,H,B,H,B,A,B,H,B,H,H,B,B,B,H,B,H,B,B,B,B,H,B,B,B,A,H,A,A,A,A,-,H,H,B,B,B,-,B,B,B,H,H,B,H,H,H,H,B,H,B,H,H,H,H,A,H,B,H,B,B,A,A,A,H,H,H,H,B,H,A,H,-,H,H,H,B,A,H,A
id184,A,H,A,H,H,H,H,A,B,H,H,H,H,A,A,H,H,B,H,H,B,A,H,B,B,A,H,B,B,A,H,B,H,H,H,B,H,A,H,H,H,H,H,H,A,-,B,A,H,A,H,A,A,B,H,H,A,H,B,B,A,B,-,B,B,H,H,H,H,H,H,H,H,B,B,H,B,H,H,H,A,A,A,A,H,H,H,B,H,H,H,A,-,H,H,H,B,A,H,H
id185,H,B,A,H,A,H,H,A,H,B,B,B,B,H,A,H,B,B,B,H,A,B,B,B,H,H,H,H,B,B,H,H,H,B,H,H,H,H,H,B,B,H,-,B,H,-,A,A,H,A,H,H,B,H,H,B,-,-,A,H,A,B,-,B,H,H,H,B,B,B,B,B,B,H,B,A,A,B,H,B,H,H,H,H,B,H,H,H,B,B,H,H,H,B,-,H,H,H,B,A
id186,A,H,H,B,B,A,A,B,A,A,B,A,B,H,B,A,B,A,H,A,A,B,B,A,B,H,A,B,A,B,B,B,B,H,A,B,B,H,H,H,B,A,B,H,H,-,A,A,A,A,A,B,B,B,B,A,B,-,A,H,H,B,B,B,B,A,B,B,H,B,B,A,B,B,A,A,A,H,B,H,H,H,B,A,B,B,A,B,A,B,H,B,-,B,B,B,B,B,B,B
id187,B,B,H,H,H,H,B,H,B,H,A,B,A,H,H,H,H,H,H,B,H,H,H,B,H,A,H,H,B,H,A,H,H,B,H,H,H,B,H,H,H,H,H,B,H,A,H,A,B,A,B,H,H,H,H,H,H,-,H,B,H,H,H,B,H,B,H,A,B,A,H,H,H,H,B,H,H,H,H,H,H,A,H,H,A,A,H,H,H,A,A,A,A,A,A,A,H,A,A,H
id188,A,B,H,H,H,H,A,H,A,H,H,H,H,H,H,H,B,H,H,H,B,A,B,A,B,B,H,H,-,A,A,H,B,H,B,B,A,A,H,H,B,H,B,B,H,B,B,A,H,A,H,A,A,H,H,H,H,-,B,A,A,H,A,B,B,H,H,A,B,A,B,H,H,H,H,A,B,H,H,H,H,B,A,A,A,A,H,H,B,A,B,B,-,A,A,A,B,B,A,H
id189,H,B,H,B,A,B,A,H,A,B,B,B,A,H,H,B,H,H,B,A,B,A,H,B,H,B,B,A,A,A,A,H,H,B,H,H,A,A,H,-,H,B,H,B,H,B,B,A,A,A,A,A,A,A,H,B,H,B,B,A,H,A,-,B,H,A,A,B,B,H,H,B,B,A,A,H,B,B,H,B,H,B,A,H,H,H,B,A,B,A,B,B,-,A,H,H,H,B,B,A
id190,A,B,H,A,H,H,H,H,B,H,H,H,H,B,H,A,B,H,B,H,B,A,B,B,H,A,A,H,B,A,A,H,B,B,H,H,A,B,H,B,B,A,-,B,B,-,B,A,B,A,B,-,A,H,B,H,B,-,B,B,H,B,-,B,B,H,B,H,B,A,B,H,B,H,H,A,B,B,B,B,B,A,H,A,A,H,A,H,H,A,A,H,-,A,A,H,H,A,A,A
id191,H,H,B,H,B,H,H,H,B,H,B,A,H,B,H,B,H,H,A,H,A,B,B,H,H,A,B,H,B,B,B,H,B,H,A,H,H,B,B,H,H,H,B,H,B,-,A,A,H,A,H,B,B,H,B,A,B,H,A,B,B,H,B,B,H,H,H,B,H,B,B,A,B,H,H,A,A,H,B,H,B,A,B,A,B,B,A,H,A,B,-,A,H,H,H,B,H,A,B,B
id192,H,B,B,H,H,B,A,B,H,H,H,H,B,B,B,B,B,A,H,A,A,B,B,B,B,H,B,B,H,B,H,B,B,H,A,B,H,A,B,H,B,B,B,H,-,H,A,A,A,A,A,B,B,B,B,H,B,H,A,H,B,B,B,B,B,A,A,H,H,H,B,H,A,B,H,A,A,H,H,H,B,H,B,A,H,B,H,B,H,-,H,H,B,H,H,B,B,H,H,H
id193,H,A,H,B,B,A,A,H,A,A,H,A,A,H,H,A,A,H,A,A,H,H,A,H,A,B,A,A,A,H,A,A,A,A,B,A,A,H,H,A,A,A,A,A,H,-,H,A,A,B,A,A,H,A,A,A,H,-,H,A,H,A,H,B,A,A,B,H,A,H,A,A,A,A,A,B,H,A,H,A,H,B,-,B,H,A,H,A,H,H,H,B,-,H,B,A,A,B,H,B
id194,H,B,A,H,A,B,H,H,A,B,B,B,B,A,H,H,H,H,B,H,B,A,H,B,A,H,H,B,A,A,H,A,H,B,A,A,H,B,H,B,B,H,H,B,A,B,B,A,H,A,H,B,A,B,H,B,A,B,B,H,A,B,-,B,H,H,H,H,B,H,H,B,H,B,B,H,B,B,H,B,A,H,B,H,H,B,H,B,B,H,H,B,H,H,H,B,A,B,H,A
id195,A,H,-,B,B,H,H,A,H,H,B,H,B,H,A,H,H,B,H,H,H,B,H,H,H,H,H,B,B,B,H,H,H,H,A,H,B,H,H,H,H,A,H,H,H,H,H,A,H,A,H,H,H,B,H,B,H,-,A,H,A,B,B,B,H,H,B,B,H,B,H,A,H,B,B,H,H,H,B,H,H,H,H,H,B,B,A,B,H,H,H,H,B,H,H,B,H,H,B,H
id196,H,H,A,B,H,H,H,A,H,H,A,B,B,A,A,H,A,B,B,H,B,A,A,A,A,H,H,B,H,A,B,A,A,H,H,A,B,H,H,H,A,H,A,H,A,H,B,A,H,B,H,A,A,B,A,H,A,-,B,H,A,H,A,B,A,H,H,A,H,H,A,H,H,B,B,B,B,H,H,H,A,H,A,B,H,B,H,B,H,H,H,H,-,H,H,B,A,H,H,A
id197,B,B,H,H,A,B,B,H,A,H,H,B,H,H,H,B,A,H,B,H,B,A,H,H,H,B,B,H,A,A,H,H,H,H,H,H,H,H,H,H,A,B,A,H,H,B,B,A,H,A,H,H,A,-,H,B,H,-,B,A,H,H,-,B,H,B,A,H,H,H,H,B,H,H,H,B,B,H,H,H,H,B,H,H,H,H,B,H,B,H,B,H,H,H,H,H,H,B,H,A
id198,H,H,B,H,H,H,H,B,H,H,H,H,B,B,B,B,B,A,H,H,B,A,B,H,B,H,H,B,H,A,H,B,B,H,H,B,H,H,B,H,B,B,B,H,B,H,B,A,H,A,H,-,A,B,B,B,B,H,B,H,B,B,-,B,B,H,A,H,H,H,B,-,H,B,A,A,B,H,H,H,B,H,B,A,H,H,B,B,B,H,H,H,-,H,H,H,B,B,H,H
id199,H,H,A,B,B,A,A,A,H,A,B,A,A,A,A,A,A,B,H,A,B,H,A,-,A,H,A,A,H,H,H,A,A,H,B,A,H,H,H,H,A,H,A,H,A,H,H,H,A,B,A,H,H,A,A,-,A,H,H,H,A,A,H,B,A,A,H,B,H,B,A,A,H,A,H,B,H,H,H,H,A,H,H,B,B,A,H,A,A,H,H,H,A,H,H,A,A,H,B,B
id200,A,B,A,B,H,A,A,H,A,H,H,H,H,A,H,A,A,H,B,A,H,H,A,B,A,B,A,H,A,H,A,A,A,B,A,A,A,A,H,B,A,A,A,B,A,B,H,A,A,-,A,B,H,H,A,H,A,B,H,A,A,A,-,B,A,A,B,H,B,H,A,H,B,A,A,A,H,B,B,B,A,B,B,B,H,H,A,A,H,H,B,B,H,H,H,B,A,B,H,H
id201,B,A,B,H,H,B,H,B,H,H,A,H,A,H,B,B,H,A,H,H,B,A,-,A,H,H,B,A,H,A,A,H,-,H,A,H,A,H,B,H,H,B,H,H,H,H,B,A,H,A,H,H,A,A,H,H,H,H,H,H,B,A,H,B,H,H,A,A,H,A,H,H,H,A,A,H,B,H,H,H,H,H,H,H,A,B,B,A,H,A,-,H,A,A,A,B,H,H,A,H
id202,-,-,-,-,A,-,-,H,-,B,-,-,-,-,H,-,-,-,-,-,A,-,H,-,-,-,-,-,B,B,-,-,-,-,-,B,-,-,-,-,-,-,-,-,-,-,A,-,-,-,-,H,-,H,-,B,H,-,-,-,-,-,-,-,H,-,-,-,-,H,-,-,-,H,-,-,-,-,B,-,-,-,-,-,-,H,A,-,B,-,-,B,-,-,-,-,-,-,-,-
id203,B,B,H,H,A,B,H,H,H,B,H,B,B,H,H,-,H,H,B,H,A,B,H,H,H,H,B,B,H,B,A,H,H,B,B,H,A,H,H,B,A,B,H,B,H,A,A,A,H,H,H,B,B,B,H,B,H,-,A,B,H,H,B,B,H,H,A,H,B,A,H,B,B,B,H,H,A,B,H,B,H,H,B,H,A,A,B,B,B,A,H,H,B,A,A,A,H,A,A,A
id204,H,A,H,H,B,H,B,H,H,H,H,A,H,H,H,H,A,H,A,B,B,A,A,A,H,A,H,H,H,A,H,H,A,-,H,H,A,B,H,A,A,H,A,A,H,-,-,A,B,B,B,A,A,H,B,A,H,A,B,H,H,A,A,B,A,B,H,H,A,H,A,A,H,H,H,B,B,A,H,A,H,A,A,A,H,H,H,H,A,H,-,H,-,H,H,H,H,H,H,B
id205,A,H,H,H,H,H,A,H,A,H,-,H,A,B,H,-,A,H,H,A,H,H,A,H,B,B,H,A,A,H,H,B,A,H,H,B,H,A,H,H,A,H,A,H,B,-,H,A,A,B,A,H,H,A,H,H,B,-,H,A,H,A,H,B,H,A,H,A,H,A,A,H,H,A,A,B,H,H,B,H,B,B,H,H,A,H,H,A,H,H,B,H,-,H,H,H,B,B,A,H
id206,H,B,H,H,H,B,H,H,B,B,H,H,A,A,H,H,A,H,H,H,H,A,A,H,A,A,H,A,B,A,B,A,A,H,H,A,-,H,H,H,A,H,A,B,A,-,B,A,H,B,H,H,-,A,A,B,A,-,B,B,H,A,A,B,A,H,H,A,B,H,A,B,H,A,A,B,H,H,H,H,A,A,H,B,H,A,H,A,B,H,H,A,-,H,H,A,A,A,H,H
id207,A,B,B,A,H,H,B,B,B,H,A,H,H,B,B,A,B,A,B,B,A,B,B,B,B,A,A,B,B,B,H,B,B,B,H,B,H,B,B,B,B,A,B,B,B,A,A,A,B,A,B,B,B,B,B,-,B,-,A,B,B,B,B,B,B,B,B,A,B,H,B,H,B,B,B,A,A,B,B,B,B,A,B,A,H,H,A,B,H,H,A,A,-,H,H,H,B,A,H,A
id208,B,B,H,H,A,B,H,H,H,H,H,B,H,H,H,B,H,H,B,H,A,B,H,B,H,A,B,H,H,B,H,H,H,H,H,H,H,B,H,B,H,B,H,H,H,H,A,A,H,A,H,B,B,H,H,H,H,H,A,B,H,H,B,B,H,H,A,H,H,H,H,B,H,H,A,H,A,B,H,H,H,A,B,H,H,H,B,H,H,H,A,H,-,H,H,H,H,H,-,A
id209,H,H,-,A,B,A,B,B,B,A,A,A,B,B,B,A,H,A,H,B,H,H,B,H,H,A,A,B,H,H,A,B,B,H,H,H,A,B,B,H,H,-,H,H,B,-,H,A,B,A,B,H,H,B,B,A,B,-,H,H,B,B,H,B,B,B,H,A,H,A,B,A,B,B,B,H,H,H,H,H,B,H,H,A,A,H,H,B,A,A,A,A,B,A,A,B,H,B,A,B
id210,B,H,B,H,A,H,H,B,A,B,B,B,B,B,B,B,B,A,H,H,B,A,B,H,B,B,B,B,A,A,B,B,B,H,A,B,B,A,B,H,B,B,B,H,B,B,B,A,H,A,H,A,A,B,B,B,B,-,B,A,B,H,-,B,B,H,A,B,-,B,B,B,H,B,A,A,B,H,H,H,B,B,A,A,B,B,B,B,B,B,B,H,-,B,B,B,B,B,B,H
id211,A,H,H,H,H,B,H,H,H,B,A,A,H,A,H,A,A,H,A,H,B,A,A,H,A,H,A,H,H,A,H,A,A,A,H,A,H,H,H,A,A,A,A,H,A,H,B,A,H,B,H,A,A,H,A,H,A,A,B,H,H,H,-,B,A,H,B,A,A,H,A,H,A,H,A,-,B,A,B,A,H,H,A,B,H,H,A,H,H,H,H,H,H,H,H,H,A,H,H,B
id212,A,B,H,A,H,A,B,H,B,H,A,H,B,B,H,-,B,H,H,B,H,A,B,B,B,H,B,B,B,A,H,B,B,B,A,B,H,H,H,H,B,A,B,B,B,-,B,A,B,A,B,H,H,B,B,H,B,H,B,B,B,B,A,B,B,B,B,A,B,A,B,H,H,B,B,A,H,H,B,B,B,H,H,A,A,B,A,B,H,H,B,A,B,H,A,B,B,A,A,H
id213,-,H,H,A,H,H,B,H,B,H,B,H,B,H,H,H,H,H,B,B,A,H,H,H,H,A,H,B,B,H,B,H,H,B,A,H,B,H,H,B,H,H,H,B,H,A,H,A,B,A,B,H,B,B,H,H,H,-,H,B,H,H,-,B,H,B,H,B,B,B,-,H,B,B,H,H,A,B,B,B,H,A,H,H,B,B,A,B,H,B,H,A,B,B,B,B,H,A,B,H
id214,A,A,A,H,H,A,H,A,H,A,B,H,H,A,A,A,H,B,H,H,A,B,H,A,A,H,A,H,H,B,H,A,H,A,H,A,H,H,H,H,H,A,H,A,H,H,A,A,H,A,H,B,B,H,H,H,A,-,A,H,A,H,B,B,A,H,B,B,A,H,H,H,H,H,H,H,A,H,B,H,A,H,B,B,H,H,A,H,H,H,H,H,-,H,H,H,A,H,H,H
id215,H,H,A,A,A,H,H,A,H,H,B,B,H,A,A,H,H,B,B,H,B,A,H,H,-,B,H,H,B,A,H,A,H,A,H,H,H,H,H,H,H,H,H,H,A,-,B,A,H,A,H,A,A,H,H,H,A,H,B,A,A,A,A,B,H,H,H,B,H,B,H,B,H,H,H,H,B,H,H,A,A,B,A,H,H,H,H,H,H,H,H,H,-,H,H,H,H,B,B,A
id216,H,A,H,B,A,B,H,H,H,B,B,H,B,H,H,H,H,H,H,A,H,H,H,H,H,H,H,B,H,H,H,H,H,H,A,H,-,A,H,H,H,H,H,A,H,H,H,A,A,A,A,H,H,B,H,B,H,H,H,H,H,H,H,B,H,A,H,B,A,B,H,B,A,B,B,H,H,H,H,H,H,H,H,H,B,B,H,B,B,H,B,H,-,H,H,B,H,H,B,H
id217,H,A,H,H,A,H,A,A,A,H,B,B,H,H,A,H,A,B,B,A,H,H,A,A,A,B,H,A,H,H,B,A,A,B,A,A,B,A,H,B,A,H,A,B,H,B,H,A,A,B,A,A,H,A,A,H,A,-,B,A,H,A,H,B,A,A,H,B,B,B,A,B,B,A,A,B,H,B,H,B,H,B,-,B,B,A,H,A,H,B,B,B,A,B,B,B,A,B,B,A
id218,H,H,H,H,H,H,H,H,A,H,H,H,B,H,H,H,H,H,H,B,B,A,H,B,H,B,H,B,A,A,H,H,H,H,H,H,H,H,H,H,H,H,H,H,H,-,B,A,B,-,B,A,A,B,H,H,H,H,B,A,H,H,A,B,A,H,H,H,H,-,H,H,B,B,B,-,B,H,H,H,H,B,A,B,H,H,H,B,H,H,B,H,B,H,H,H,H,B,H,H
id219,H,B,B,H,A,A,H,B,H,A,A,B,H,B,B,A,B,A,B,H,H,H,H,B,B,H,A,H,-,H,A,B,B,B,H,B,A,H,B,B,B,A,B,B,B,-,H,A,H,A,H,H,H,H,B,H,B,B,A,H,B,B,-,B,B,H,B,A,B,H,B,B,B,B,B,A,H,B,H,B,B,H,H,A,H,H,H,B,A,A,H,H,H,A,A,H,B,H,H,A
id220,H,A,A,H,B,A,B,A,H,A,A,A,H,A,A,H,A,B,A,H,H,H,A,H,A,A,A,H,H,H,H,A,A,A,A,A,H,H,H,A,A,H,A,A,A,-,H,A,H,B,H,H,H,H,A,A,A,-,H,B,A,H,-,B,A,H,H,A,A,A,A,A,H,H,H,B,H,A,H,A,A,A,H,B,A,B,H,H,A,H,A,H,H,H,H,B,A,A,A,B
id221,H,B,B,H,A,A,H,B,H,A,A,B,H,B,B,A,B,A,B,H,H,H,B,B,B,H,A,H,H,H,A,B,B,B,H,B,A,H,B,B,B,A,B,B,B,-,H,A,H,A,H,H,H,H,B,H,B,-,A,H,B,B,B,B,B,H,B,A,B,H,B,B,B,B,A,A,H,B,H,B,B,H,H,A,H,H,H,B,A,A,H,H,H,A,A,H,B,H,H,A
id222,B,H,A,A,H,H,H,A,H,H,B,H,H,A,A,H,H,B,H,B,H,H,H,A,H,A,H,H,H,H,B,A,H,H,B,A,B,B,H,H,H,H,H,H,A,H,H,A,B,A,B,H,H,H,H,H,H,H,H,B,A,H,H,B,H,H,H,B,H,B,H,H,B,H,H,H,H,H,H,H,A,A,H,H,B,A,H,H,H,B,A,H,-,B,B,A,A,H,B,H
id223,A,B,B,B,H,H,H,H,H,H,B,A,H,B,A,A,A,H,H,A,H,H,A,H,H,H,A,H,H,H,H,H,A,B,H,H,H,H,B,H,A,A,A,B,B,H,H,A,A,B,A,H,H,H,H,H,B,-,H,H,B,A,-,B,H,H,B,B,B,B,A,H,H,H,B,B,-,H,B,B,B,H,H,H,B,H,A,H,H,H,H,-,H,H,B,H,A,H,B,H
id224,B,B,A,H,A,H,A,A,A,H,H,B,B,A,A,H,H,B,B,H,B,A,H,B,A,B,H,B,H,A,A,A,H,B,A,A,A,A,H,B,H,H,H,B,A,-,B,A,-,A,H,A,A,B,A,H,A,B,B,A,A,-,-,B,A,A,H,H,B,H,H,B,B,B,B,H,B,B,H,B,A,B,A,B,H,B,B,B,H,A,B,B,-,A,A,B,A,B,H,A
id225,H,H,H,H,H,B,H,H,B,B,B,H,H,H,H,H,H,H,H,H,B,A,A,H,H,A,B,H,B,A,A,A,A,H,H,A,A,H,H,H,H,H,A,H,H,A,B,A,A,B,A,A,A,H,H,H,A,-,B,B,H,H,A,B,H,H,H,B,H,B,A,H,B,H,H,B,B,H,-,H,H,A,A,H,B,H,H,H,H,A,H,H,H,H,B,H,A,A,B,H
id226,H,B,B,A,B,A,H,B,H,A,H,A,B,H,B,H,H,A,H,-,B,A,A,B,A,H,H,B,H,H,H,A,A,H,A,A,H,H,B,H,H,H,H,B,H,-,B,A,H,B,H,A,A,B,A,A,H,-,H,H,B,B,-,B,A,H,H,H,H,H,A,A,H,B,B,H,B,H,H,H,B,H,A,B,H,B,H,B,A,H,H,H,B,H,H,B,A,H,H,H
id227,B,-,-,-,-,B,-,-,H,-,A,A,-,-,-,B,-,A,A,-,H,-,H,-,-,-,-,-,-,A,A,-,B,-,-,-,A,-,B,A,H,-,H,-,-,-,B,A,-,-,H,H,A,-,-,-,-,-,B,-,-,-,-,-,-,-,-,A,H,-,H,A,-,-,-,-,-,A,-,-,-,-,-,A,A,-,-,-,-,-,H,-,B,-,-,-,-,-,-,-
id228,B,H,H,A,H,B,B,H,B,B,H,H,H,H,H,B,B,H,H,B,A,B,B,H,B,H,B,H,B,B,H,B,B,H,H,B,A,H,H,H,B,B,B,H,H,A,A,A,B,A,B,B,B,H,B,B,B,H,A,B,H,H,-,B,B,B,A,H,-,H,B,H,H,H,H,A,A,H,H,H,H,H,B,A,H,H,B,H,B,H,H,A,H,H,H,H,B,A,H,H
id229,H,H,A,H,B,A,B,A,H,A,H,A,A,A,A,A,H,B,A,B,A,B,H,A,A,H,A,H,H,B,H,A,H,H,B,A,H,B,H,H,H,A,H,H,A,H,A,A,B,A,B,H,B,H,A,A,A,-,A,H,-,H,B,B,A,B,B,H,H,H,H,A,H,H,H,H,A,H,B,H,A,H,H,B,H,A,A,H,A,H,A,H,-,H,H,A,A,H,H,B
id230,A,H,A,H,A,H,H,A,H,B,A,B,H,A,A,A,H,B,B,H,H,H,H,H,A,B,A,H,H,H,H,A,H,H,H,A,H,A,H,B,H,A,H,H,A,-,H,A,H,A,-,A,H,H,H,B,A,-,H,A,A,H,H,B,A,H,B,A,H,H,H,B,B,H,H,H,H,B,B,H,A,B,H,B,H,H,A,H,B,H,B,H,-,H,H,H,A,H,H,A
id231,A,H,A,H,B,A,H,A,A,A,A,A,A,H,A,A,B,B,A,H,B,A,B,H,H,H,A,A,A,A,H,H,B,H,B,H,H,H,H,H,B,A,B,H,H,H,B,A,H,A,H,A,A,A,A,A,H,-,B,H,H,A,-,B,B,H,B,A,H,H,B,A,H,A,A,A,B,H,B,H,H,H,A,B,H,A,A,A,A,H,H,B,A,H,H,A,H,H,A,B
id232,H,H,H,H,H,H,A,H,A,H,H,H,B,H,H,H,B,H,H,A,H,H,H,H,A,B,A,H,H,H,-,H,H,H,A,A,A,A,H,H,B,H,B,H,H,H,H,A,A,A,A,B,H,H,A,H,H,H,H,A,H,B,-,B,A,A,H,H,H,H,H,H,H,H,H,A,H,H,H,H,H,B,B,B,H,B,H,H,H,H,B,B,-,H,H,B,A,B,H,B
id233,H,A,H,A,B,B,B,A,B,A,B,B,H,A,H,H,H,A,H,B,B,H,H,B,H,A,H,A,H,A,B,B,B,A,H,B,A,A,B,B,H,B,A,A,B,B,A,B,B,B,H,A,B,H,H,B,B,-,H,H,H,A,H,H,H,A,H,A,A,H,A,A,H,H,H,H,B,A,A,B,A,A,H,A,A,-,A,B,B,H,H,B,H,H,B,B,A,H,B,H
id234,H,A,H,H,A,B,H,H,H,B,B,B,H,H,H,B,A,H,B,H,H,H,A,A,H,A,B,H,H,H,A,H,A,H,H,H,B,B,H,B,A,H,A,H,H,-,H,A,H,B,H,A,H,H,A,B,H,H,H,B,H,A,-,B,H,H,H,B,B,H,A,B,H,H,H,B,H,H,H,H,H,A,H,H,H,H,H,H,B,A,A,H,-,H,H,H,H,H,A,A
id235,B,B,B,H,H,A,A,B,A,A,A,A,H,B,B,A,A,A,A,A,H,H,B,B,B,B,A,H,A,H,A,B,B,H,B,B,A,A,-,A,A,A,A,H,B,B,H,A,H,A,H,A,H,H,B,A,B,H,H,A,B,A,H,B,B,A,B,A,H,A,B,H,H,H,H,B,H,H,H,H,B,B,A,A,A,A,H,H,A,A,B,B,-,A,A,A,B,B,A,B
id236,H,B,H,H,H,A,H,H,H,H,H,H,B,A,H,H,B,H,H,H,H,H,-,B,H,H,H,H,H,H,H,H,H,B,H,H,H,H,H,H,A,H,A,B,H,H,H,A,H,B,H,A,H,H,H,H,H,-,H,H,H,A,H,B,H,H,H,H,B,H,H,H,H,H,H,B,H,H,H,B,A,H,A,H,H,H,H,H,H,H,H,H,H,H,H,H,H,H,H,H
id237,A,A,H,H,H,H,H,H,H,B,A,H,A,H,H,H,H,H,B,-,H,A,H,A,H,H,H,A,A,A,A,H,H,H,B,H,H,H,H,H,H,H,H,A,H,H,H,A,H,A,H,H,H,A,H,B,H,H,B,H,H,A,-,B,H,H,H,A,A,A,H,H,H,A,A,H,H,H,B,H,H,H,H,H,A,A,A,A,B,A,H,H,-,A,A,A,H,H,A,H
id238,A,A,H,H,B,A,B,H,B,A,B,A,H,H,H,A,H,H,A,B,B,-,H,H,H,B,A,H,B,A,H,H,H,A,H,H,H,H,H,A,H,A,H,A,H,A,B,A,B,A,B,H,A,H,H,A,H,-,B,A,H,H,-,B,H,B,B,B,A,B,H,A,A,H,B,H,H,A,B,A,H,B,H,H,B,H,A,H,A,H,H,A,H,H,H,H,H,H,B,B
id239,H,A,B,A,H,H,B,B,B,H,B,H,H,B,B,H,H,A,A,B,H,H,H,H,H,A,H,H,B,H,H,H,H,A,B,H,H,B,B,A,H,H,H,A,B,-,H,A,B,A,B,H,H,H,A,H,B,-,H,B,H,H,-,B,H,B,H,B,A,B,H,H,A,H,B,H,H,A,H,A,H,A,H,H,B,A,H,H,H,H,A,A,H,H,H,A,H,A,B,H
id240,H,H,H,A,H,H,B,B,B,H,A,H,H,H,B,B,H,A,H,B,H,A,H,H,H,A,B,H,B,A,A,H,H,B,H,H,B,B,H,B,H,B,H,B,H,-,B,A,B,A,B,A,H,H,A,H,H,-,B,B,H,H,-,B,H,B,A,A,B,A,H,H,B,H,H,H,H,B,H,B,H,A,A,H,A,H,H,H,H,A,A,A,H,A,A,H,H,A,A,H
id241,H,B,H,H,A,H,B,H,B,H,H,B,H,A,H,H,A,H,B,H,B,H,A,A,A,A,H,H,B,H,A,A,A,B,H,A,B,B,H,B,A,H,A,B,A,-,H,A,H,B,H,A,H,H,A,H,A,B,H,B,H,B,-,B,A,B,H,H,B,B,A,B,A,H,A,B,H,B,H,B,A,A,H,B,-,H,H,H,H,H,A,A,-,H,B,H,A,A,B,A
id242,H,A,H,A,B,B,B,B,B,B,H,A,H,H,B,H,H,A,A,B,H,H,H,A,B,A,H,H,B,H,B,B,H,A,H,B,H,B,H,A,H,H,H,A,H,A,H,A,B,A,B,B,H,H,B,B,H,-,H,B,H,H,-,B,B,B,H,H,A,H,H,A,A,H,H,H,-,A,H,A,H,A,B,A,B,H,H,H,B,B,A,A,-,B,B,H,B,A,H,B
id243,B,H,H,H,A,B,B,-,H,B,B,B,H,B,B,B,H,A,H,B,H,B,H,H,B,B,B,H,A,B,A,B,H,H,H,B,H,A,H,H,H,B,H,H,B,-,A,A,H,H,H,H,H,H,H,B,B,H,A,A,H,H,-,B,H,B,A,B,H,B,H,B,H,H,B,H,H,H,H,H,B,B,H,H,B,H,B,B,B,H,B,H,H,H,B,H,B,B,B,A
id244,A,H,A,H,B,A,H,A,H,A,H,A,A,A,A,H,H,B,B,H,A,B,H,H,A,H,H,A,H,B,H,A,H,H,B,A,H,A,H,H,H,H,H,H,A,H,A,A,H,A,H,B,B,A,A,A,A,-,A,H,A,H,-,B,A,H,H,H,H,H,H,A,A,A,A,H,A,H,H,H,A,H,B,B,H,A,H,A,A,H,B,H,A,H,H,A,A,H,H,B
id245,B,H,B,H,H,B,B,B,H,H,B,H,H,H,B,B,H,A,H,B,H,H,H,H,H,H,B,H,H,H,A,B,H,H,H,H,A,H,B,H,H,B,H,H,H,-,H,A,B,A,B,H,H,H,H,H,B,H,H,H,B,H,H,B,H,B,A,B,H,H,H,H,H,H,H,H,H,H,H,H,H,H,H,H,H,H,B,H,H,A,H,H,H,A,A,H,B,H,H,H
id246,H,H,A,H,H,H,H,H,H,H,A,H,A,A,H,H,A,H,H,H,H,H,A,H,A,B,H,H,A,H,H,A,A,H,B,A,H,A,H,H,A,H,A,H,A,-,H,A,H,B,H,H,H,H,A,H,A,H,H,A,A,A,-,B,A,H,H,A,H,A,A,H,H,H,H,B,H,H,H,A,A,B,H,B,A,A,H,H,H,H,B,H,-,H,H,A,A,B,A,H
id247,A,H,A,B,B,A,A,H,A,A,A,H,B,H,A,A,H,H,H,A,B,A,H,B,H,A,A,H,H,A,A,H,H,B,H,H,B,B,H,B,H,A,H,B,H,-,B,A,A,A,A,A,A,H,H,A,H,-,B,B,A,A,A,-,H,A,B,A,B,A,H,A,B,H,H,H,B,B,B,B,A,A,A,H,A,B,A,H,A,A,A,B,-,A,A,B,H,H,A,H
id248,-,H,B,H,H,A,H,B,H,A,A,H,H,B,B,A,H,A,H,H,A,B,H,H,B,H,A,H,H,B,A,B,H,H,H,B,H,B,B,H,H,A,H,H,B,H,A,A,H,A,H,B,B,H,H,B,B,-,A,H,B,H,-,B,B,H,B,A,H,A,H,H,H,H,H,H,A,H,B,H,B,H,B,B,H,H,A,H,A,H,A,H,-,H,-,H,B,H,A,H
id249,H,H,B,B,A,B,H,B,H,B,B,B,A,B,B,B,A,A,B,A,H,H,A,H,H,A,B,A,H,H,H,B,A,H,B,H,H,B,B,B,A,B,A,H,B,H,H,A,A,B,A,B,H,A,A,B,B,-,H,H,B,A,H,B,A,A,A,B,H,B,A,B,B,A,A,B,H,B,H,H,B,A,B,B,B,A,B,A,B,H,A,H,A,B,B,A,H,H,B,A
id250,A,H,B,A,B,A,B,B,B,A,A,A,H,B,B,A,H,A,A,B,A,B,H,B,B,A,A,H,B,B,H,B,H,A,H,B,H,B,B,A,H,A,H,A,B,-,A,A,B,A,B,B,B,H,H,A,H,-,A,B,B,H,-,B,H,B,B,A,A,A,H,A,A,A,A,H,A,A,B,A,B,A,B,H,A,H,A,A,A,H,A,A,-,A,A,H,B,A,-,B
id251,H,A,A,H,H,H,H,A,H,H,H,A,H,H,A,H,B,B,A,H,A,B,B,H,H,A,H,B,H,B,H,H,H,A,A,H,H,H,H,A,B,H,B,A,H,H,A,A,H,A,H,B,B,B,H,H,H,-,A,H,A,B,-,B,H,H,H,H,A,H,B,H,A,B,B,A,A,A,H,A,H,A,B,H,H,H,H,B,H,H,H,H,-,H,H,H,H,H,H,B
id252,H,H,B,B,A,H,A,B,A,H,B,B,H,B,B,H,H,A,B,A,H,H,H,H,B,B,H,H,A,H,H,B,H,H,H,B,H,A,B,H,H,H,H,H,B,-,H,A,A,A,A,A,H,H,B,H,B,-,H,A,B,H,-,B,B,A,H,H,H,H,H,B,H,H,A,H,H,H,H,H,-,B,H,A,H,H,H,H,H,H,B,B,H,H,H,H,B,B,H,A
id253,A,B,H,A,A,B,B,H,B,B,H,A,H,H,H,B,A,H,H,B,A,B,A,B,A,A,B,H,B,B,A,A,A,H,H,A,A,B,H,H,A,H,A,B,H,-,A,A,B,B,B,B,B,H,A,B,A,H,A,B,H,H,-,B,A,B,-,H,B,H,A,B,H,H,H,B,A,H,B,H,B,A,B,B,-,H,A,H,-,A,A,A,H,A,A,H,A,A,H,B
id254,B,H,H,A,A,B,A,A,H,B,H,B,H,H,A,B,-,B,B,B,B,A,H,H,H,B,B,H,H,A,H,H,H,H,H,H,A,H,H,B,H,B,H,H,H,-,B,A,B,A,B,A,A,H,H,B,H,H,B,A,H,H,-,B,B,B,A,H,H,H,H,B,A,H,H,H,B,B,H,H,H,B,A,A,H,H,B,H,B,H,H,H,-,H,H,H,H,H,H,A
id255,H,H,H,B,H,B,A,H,A,B,H,H,A,H,H,H,H,H,H,A,H,H,H,H,A,B,H,A,H,H,H,H,H,H,H,A,H,H,H,H,A,H,H,H,H,-,H,A,A,A,A,H,H,A,A,H,H,-,H,A,H,H,-,B,A,A,H,H,H,A,H,H,H,A,H,H,H,H,H,H,H,B,H,B,H,H,H,A,H,H,H,B,A,H,H,H,A,B,H,H
id256,H,H,H,A,H,B,B,H,B,B,A,H,A,H,A,B,H,H,H,B,A,B,H,H,H,H,B,A,B,H,H,H,H,H,B,H,H,H,H,H,H,H,H,H,H,-,A,A,B,A,B,B,B,A,H,H,H,-,H,H,H,H,H,B,H,B,H,A,H,A,H,H,H,A,H,H,A,H,H,H,H,H,B,H,A,A,H,A,H,H,H,A,-,A,A,A,H,A,A,H
id257,A,H,H,A,A,B,B,H,B,B,B,H,B,H,H,B,B,H,H,B,H,H,B,H,B,A,B,B,B,H,B,B,B,H,A,B,B,B,H,H,B,B,B,H,H,A,H,A,B,A,B,A,H,B,B,B,B,H,H,B,A,B,H,B,B,B,A,B,H,B,B,B,H,B,B,A,H,H,H,H,H,A,A,A,B,B,B,B,B,B,A,A,B,B,B,B,B,A,B,H
id258,H,B,H,-,H,H,B,H,H,H,A,H,B,B,H,H,B,H,H,B,H,H,B,B,B,H,H,B,H,H,A,B,B,H,A,B,A,H,H,H,B,H,B,H,B,H,H,A,B,A,B,B,H,B,B,H,B,H,H,H,B,B,-,B,B,B,H,A,H,A,B,H,H,B,B,A,H,H,H,H,B,H,B,A,A,B,H,B,-,A,H,H,B,A,A,B,B,H,A,H
id259,H,H,H,H,H,H,A,-,A,H,H,H,A,H,H,H,H,H,A,H,B,A,H,H,H,H,H,A,A,A,B,H,H,H,B,H,H,H,H,H,A,H,H,H,H,B,B,H,H,A,H,H,-,A,-,H,H,-,B,H,H,A,-,B,H,A,H,H,H,H,H,H,H,-,A,H,B,H,H,H,H,H,H,H,H,A,H,A,H,H,H,B,-,H,H,A,-,B,H,H
id260,B,H,H,H,H,B,H,B,H,B,A,H,H,H,B,B,H,A,H,B,H,H,H,H,H,A,B,B,B,H,A,H,H,H,B,H,A,B,H,H,H,B,H,H,H,A,H,A,-,A,H,H,H,B,H,B,H,-,H,B,H,H,-,B,B,H,A,A,H,A,H,H,H,B,B,H,H,H,H,H,H,A,H,H,A,A,B,B,B,A,A,H,-,A,A,A,H,A,A,H
id261,H,H,H,A,H,A,H,H,H,H,A,A,H,H,H,A,B,H,A,H,H,H,B,H,B,B,A,A,B,H,H,B,B,H,H,B,H,A,H,A,H,A,B,H,H,B,H,A,H,A,H,A,H,A,B,H,H,A,H,A,H,H,-,B,B,H,B,A,H,A,B,H,A,B,B,A,H,A,H,A,H,B,A,A,A,H,H,A,H,A,B,H,A,A,A,H,B,B,A,B
id262,A,B,H,A,B,A,H,H,H,A,H,H,A,A,H,A,H,H,H,H,H,H,H,B,H,H,A,A,H,H,H,H,H,B,B,H,B,H,H,A,H,A,H,H,A,H,H,A,H,A,H,H,H,A,H,A,H,A,H,H,H,H,H,B,H,H,B,H,H,H,H,A,A,A,A,H,H,A,B,B,H,H,H,H,H,A,A,-,A,H,H,H,A,H,H,A,H,H,H,H
id263,B,H,A,H,H,H,H,A,H,H,H,B,A,H,A,B,H,B,B,A,B,A,H,H,H,H,B,H,H,A,B,A,H,H,B,A,B,H,H,A,H,B,H,H,-,-,B,A,A,A,A,H,A,H,H,H,A,H,B,H,A,H,-,B,H,H,A,H,H,H,H,H,H,H,H,H,B,A,H,H,H,H,H,H,H,A,B,-,H,H,H,H,-,H,H,A,A,-,H,A
id264,B,H,B,H,H,B,H,B,H,B,A,A,H,B,B,-,A,A,H,H,H,A,A,H,H,H,B,H,H,A,A,B,A,H,B,H,A,H,B,H,A,B,A,H,B,-,B,A,H,B,H,H,A,H,A,B,B,-,B,H,B,B,A,B,H,H,A,A,H,A,A,H,H,H,H,B,B,H,H,H,B,H,H,H,A,A,B,H,B,A,H,H,-,A,A,A,H,H,A,B
id265,A,H,A,H,B,H,H,A,H,H,H,A,H,A,A,H,A,B,A,H,-,H,A,H,H,H,H,H,H,H,H,A,A,H,H,H,H,H,H,A,A,H,A,H,A,-,H,A,H,B,H,B,H,H,A,A,A,-,H,H,A,A,H,B,H,H,H,H,H,H,A,A,H,H,A,B,H,H,B,H,A,H,B,H,H,H,A,H,-,H,H,H,H,H,H,H,A,H,H,B
id266,B,H,H,H,A,B,B,H,H,B,B,H,H,A,H,H,A,H,H,B,B,A,A,H,A,H,H,H,H,A,H,A,A,H,H,A,H,H,H,H,A,H,A,H,A,-,B,A,H,B,H,H,A,H,A,B,A,H,B,H,-,A,A,B,A,B,H,B,H,B,A,B,H,H,H,B,-,H,H,H,A,H,H,B,B,H,H,H,B,H,B,H,-,H,B,H,A,H,B,H
id267,H,H,H,A,H,H,B,H,B,H,B,H,-,H,H,H,H,H,H,B,B,A,H,H,H,A,H,A,B,A,B,H,H,H,H,H,H,B,H,H,H,H,H,H,H,A,B,A,B,A,B,A,A,A,H,H,H,-,B,B,H,B,-,B,H,B,H,B,H,H,H,H,H,A,A,H,B,H,H,H,H,A,A,H,B,H,H,A,H,B,A,A,-,B,B,H,H,A,B,H
id268,B,B,H,H,A,-,B,H,H,B,H,B,A,A,H,B,A,H,B,H,H,H,A,B,A,H,B,A,H,H,H,H,A,B,B,H,H,H,H,H,A,B,A,B,A,H,H,A,H,B,H,B,H,-,A,B,H,H,H,H,H,A,-,B,A,B,A,H,B,H,A,B,H,A,A,B,H,H,H,B,A,H,B,B,H,A,B,A,B,H,H,H,A,H,H,A,H,H,H,A
id269,B,A,H,A,H,B,B,H,B,B,A,H,H,H,H,B,B,H,A,B,H,H,B,A,B,H,B,H,B,H,A,B,H,A,H,B,A,H,H,A,B,H,B,A,H,-,H,A,B,A,-,H,H,H,B,H,H,-,H,H,H,B,H,B,B,B,H,A,A,A,B,H,B,H,H,A,H,A,H,A,H,H,H,A,A,H,H,H,B,A,H,A,H,A,A,H,B,H,A,H
id270,H,H,A,H,B,H,H,A,H,H,H,A,H,A,A,H,B,B,A,H,H,H,H,B,H,H,B,H,H,H,B,A,H,H,A,H,B,H,H,B,H,H,B,H,A,-,H,A,H,A,H,A,H,H,H,H,A,B,H,H,A,H,-,B,H,H,H,H,H,H,H,H,B,H,H,A,H,B,H,H,A,H,A,H,H,B,H,H,H,B,H,H,H,B,B,B,H,H,H,B
id271,B,A,H,H,H,B,H,H,H,H,H,A,B,H,H,B,H,H,H,H,B,A,A,A,A,A,B,B,H,A,A,A,A,A,H,A,A,B,H,H,H,B,H,A,A,-,B,-,H,B,H,H,A,B,A,H,A,A,B,H,H,H,A,B,A,H,A,H,A,H,A,H,A,B,B,H,B,H,H,A,H,A,H,B,H,H,B,B,-,-,A,H,B,A,H,H,A,H,H,B
id272,H,B,A,A,H,H,B,A,B,H,H,H,H,H,A,H,A,B,H,-,H,H,A,H,A,A,H,H,B,H,H,H,A,H,H,H,H,H,H,H,A,H,A,H,H,A,H,A,B,B,B,H,H,H,A,H,H,-,H,B,A,H,-,B,A,B,H,H,H,H,A,H,H,H,H,B,H,H,H,H,H,A,H,B,H,H,H,H,H,B,H,A,-,B,B,H,H,A,H,H
id273,B,B,H,B,A,A,-,H,H,B,H,B,A,-,H,B,H,H,B,A,H,B,H,-,A,A,B,H,B,H,H,A,H,B,B,A,H,B,H,B,H,B,H,B,H,-,A,A,A,A,A,H,H,H,A,B,H,-,H,B,H,B,-,B,A,A,A,H,B,H,H,B,B,H,H,H,H,B,H,B,H,A,H,B,H,A,B,H,B,H,A,H,-,H,H,A,A,A,H,A
id274,H,H,-,A,H,H,B,H,B,H,A,H,H,B,A,H,B,H,H,B,B,A,B,H,B,H,H,H,B,A,A,B,B,H,H,B,H,H,H,H,B,H,B,H,B,-,B,A,B,A,B,A,A,H,B,H,B,H,B,B,H,B,A,B,B,-,H,A,H,A,B,H,H,H,B,A,B,H,-,H,B,H,A,A,A,H,H,H,H,A,H,A,-,A,A,H,B,A,A,H
id275,A,H,H,A,B,A,H,B,B,A,H,H,H,H,B,A,A,-,H,H,-,A,A,H,A,H,A,H,B,A,A,H,A,H,H,H,A,B,H,H,A,A,A,H,H,A,B,A,H,B,H,H,A,H,A,A,H,H,-,H,H,A,-,B,A,H,B,H,H,H,A,A,H,H,H,B,B,H,B,H,H,H,H,B,H,H,A,H,A,A,A,A,H,A,A,H,H,A,H,H
id276,H,H,H,A,H,H,H,H,H,H,A,H,H,A,H,H,H,H,H,B,B,A,H,H,A,B,H,H,H,A,H,A,H,H,H,A,B,B,H,H,H,H,H,H,A,-,B,A,B,A,B,H,A,H,A,H,-,H,B,H,H,H,-,B,A,H,H,A,H,H,H,H,A,H,H,H,B,H,H,H,A,H,H,B,H,H,H,H,H,H,A,H,-,H,H,H,A,H,H,H
id277,A,B,A,B,H,H,A,H,H,H,A,H,H,A,H,A,H,H,H,A,H,H,H,H,A,H,A,H,H,H,H,A,H,B,H,A,H,A,H,H,A,A,H,B,A,H,H,A,A,A,A,H,H,H,A,H,A,H,H,B,A,H,H,B,A,A,B,A,B,H,H,H,A,H,H,H,H,H,B,B,A,H,H,B,H,H,A,H,H,H,H,H,H,H,H,H,A,H,H,H
id278,H,H,H,B,H,H,-,B,A,H,A,H,H,H,B,H,A,A,H,A,B,H,A,A,A,H,H,H,A,H,A,A,A,H,H,A,H,H,H,H,A,H,A,H,H,B,H,A,A,B,A,A,H,H,A,H,A,-,H,H,H,A,-,B,A,A,-,A,H,A,A,H,H,H,H,B,H,H,H,H,H,H,A,B,A,H,H,H,H,A,H,B,-,A,A,H,A,B,A,H
id279,A,A,H,B,B,A,A,H,A,A,H,A,A,H,H,-,A,H,A,A,H,A,A,A,H,H,A,A,A,A,H,H,A,H,H,H,H,H,H,A,A,A,A,A,H,B,B,A,A,B,A,H,H,A,H,A,H,-,B,H,H,A,A,B,H,A,B,H,A,-,A,A,H,A,B,B,B,H,B,H,H,H,H,H,H,A,A,A,A,H,-,B,-,H,H,A,H,H,A,B
id280,H,H,H,A,H,A,H,H,A,A,A,H,B,H,H,A,H,H,H,H,H,H,H,A,H,B,A,B,A,H,A,H,H,H,H,H,A,H,H,H,H,A,H,H,H,-,H,A,H,A,H,H,H,B,H,H,H,-,H,A,H,B,-,B,H,H,B,A,H,A,H,H,H,B,B,H,H,H,H,H,H,B,H,H,A,H,H,B,A,A,H,B,-,A,A,H,H,B,A,H
id281,A,B,A,A,B,A,B,A,H,A,A,A,H,A,A,A,H,B,A,B,H,H,H,B,H,H,H,A,B,H,A,A,H,H,H,A,A,H,H,A,H,A,H,H,A,H,H,A,B,A,B,H,H,A,H,A,A,H,H,H,A,A,H,B,-,B,B,A,H,A,H,A,H,A,A,H,H,A,B,H,A,H,H,H,A,B,A,A,A,A,H,A,A,A,A,B,A,-,A,B
id282,H,H,H,H,B,H,H,H,H,H,H,A,H,H,H,H,B,H,A,H,A,B,B,A,B,A,H,H,H,B,H,B,B,H,B,B,H,B,H,H,B,H,B,H,H,H,A,A,H,A,H,B,B,H,B,H,H,-,A,B,H,H,-,B,B,H,H,H,H,H,B,A,H,H,H,A,A,H,H,H,H,A,B,A,H,A,H,H,H,H,A,H,-,H,A,A,B,H,H,B
id283,A,H,A,B,H,A,A,A,A,A,A,H,B,A,A,A,B,B,H,A,H,H,B,H,A,B,A,B,A,H,A,A,B,A,A,A,H,A,H,H,B,A,B,A,A,-,H,A,A,A,A,H,H,B,B,A,A,-,H,A,A,B,-,B,A,A,B,A,A,H,B,H,B,B,B,A,H,H,B,A,A,B,H,B,H,B,A,B,A,A,B,B,-,H,H,B,A,B,H,H
id284,A,A,B,H,H,H,H,B,B,H,A,H,A,H,B,A,A,A,A,H,H,H,A,H,A,B,A,A,B,H,A,H,A,A,H,A,A,A,B,A,A,A,A,A,H,-,H,A,H,B,H,H,H,A,A,H,H,-,H,A,B,A,-,B,A,H,B,A,A,A,A,H,A,A,B,B,H,A,B,A,H,B,H,B,A,A,A,A,H,A,B,A,A,A,A,A,H,A,A,H
id285,H,B,H,B,H,A,A,H,A,H,A,B,B,H,H,H,B,H,A,A,A,B,B,A,B,A,A,B,H,B,A,B,B,A,A,B,A,B,H,H,B,H,B,A,H,A,A,A,A,A,A,B,B,B,B,H,H,-,A,B,H,H,B,B,B,A,H,A,A,A,B,H,A,B,B,A,A,A,H,A,H,A,B,A,A,B,H,B,H,A,A,B,-,A,A,B,B,A,A,A
id286,H,H,A,B,H,H,H,H,H,H,A,H,B,A,H,H,A,H,H,A,A,B,A,H,A,H,H,H,H,B,A,A,A,B,A,A,A,H,H,H,A,H,A,H,A,H,A,A,A,B,A,B,B,H,A,H,A,-,A,H,A,A,-,B,A,H,H,A,H,A,A,H,B,B,H,B,A,B,H,B,A,H,B,B,A,B,H,H,H,A,H,H,-,A,A,B,A,H,A,H
id287,H,B,B,H,A,B,H,B,H,B,A,B,A,B,B,B,H,A,B,H,A,B,H,B,A,A,B,H,A,B,B,H,H,B,B,H,B,H,B,B,H,B,H,B,B,H,A,A,H,A,H,B,B,H,H,B,H,-,A,B,B,H,-,B,H,H,A,A,B,A,H,B,B,H,-,H,A,B,H,B,B,A,B,H,A,A,H,H,B,H,H,H,-,A,A,A,H,H,A,A
id288,H,H,H,A,B,H,B,H,H,H,H,A,A,H,H,-,H,H,A,B,H,H,H,A,H,B,H,A,H,H,H,H,H,H,B,H,H,A,H,A,A,H,H,H,H,-,H,A,B,A,B,H,H,A,H,H,H,-,H,A,H,A,H,B,H,B,H,H,H,H,H,A,A,A,A,H,B,A,H,H,H,B,H,H,H,A,H,H,H,H,B,H,-,H,H,A,H,H,H,B
id289,A,H,H,B,H,A,-,B,H,A,H,H,H,A,B,A,H,A,H,A,H,H,A,A,A,H,A,H,H,H,H,A,A,H,H,A,H,A,H,H,H,A,A,H,A,H,H,A,A,B,A,H,H,H,A,H,A,H,H,H,H,H,-,B,A,H,B,H,H,H,A,H,A,H,H,H,H,H,B,H,A,H,H,B,H,H,A,H,H,H,B,H,-,H,H,H,A,H,H,H
id290,H,B,H,A,A,B,H,H,B,B,H,B,A,A,H,B,A,H,B,H,B,A,H,B,H,A,B,A,B,A,H,H,H,B,B,H,H,B,H,B,A,B,H,B,A,-,B,A,-,A,H,H,A,A,H,-,A,B,B,B,H,A,A,B,H,H,A,H,B,H,H,B,B,A,A,B,B,B,H,B,A,A,H,H,H,A,B,A,B,H,A,A,-,H,H,A,H,A,H,A
id291,H,H,H,H,H,H,B,H,B,H,H,H,B,H,H,H,B,H,H,H,A,B,B,H,H,H,-,B,H,B,A,H,B,H,A,H,A,H,H,H,B,H,B,H,H,-,A,A,H,-,H,B,B,B,H,H,H,-,A,H,H,H,B,B,H,B,H,H,H,H,B,H,H,B,B,A,A,H,H,H,H,H,B,H,H,B,H,B,H,A,H,A,B,A,H,B,H,A,H,H
id292,H,H,B,B,H,H,A,B,A,H,H,H,H,B,B,H,H,A,H,A,A,B,H,H,H,B,-,B,A,B,H,B,H,H,H,H,H,H,B,H,H,A,H,H,B,-,A,A,A,A,A,A,B,B,H,H,B,H,A,H,B,B,B,B,H,A,B,H,H,H,H,H,H,B,B,H,A,H,H,H,B,B,A,H,H,H,H,B,H,H,H,B,-,H,H,H,H,H,H,H
id293,H,H,H,H,B,H,A,H,A,H,B,A,A,H,H,H,H,H,A,A,A,H,B,H,H,H,H,A,A,H,B,H,B,-,B,H,B,H,H,A,H,H,H,H,H,-,H,A,A,A,A,H,H,A,B,H,H,-,H,H,H,A,H,B,H,A,H,B,H,B,B,A,A,A,A,H,H,A,H,H,H,H,H,H,B,A,H,A,H,B,H,B,-,B,B,A,H,B,B,B
id294,A,H,A,H,B,A,H,A,H,A,H,A,A,A,A,H,H,B,B,H,A,B,H,H,A,H,H,A,H,A,H,A,H,H,B,A,H,A,H,H,H,H,H,H,A,-,A,A,H,A,H,B,B,A,A,A,A,-,A,H,A,H,B,B,A,H,H,H,H,H,H,A,H,A,A,H,A,H,H,H,A,H,B,B,H,A,H,A,A,H,B,H,-,H,H,A,A,H,H,B
id295,H,B,A,H,A,B,B,A,B,B,B,B,H,A,A,A,H,B,B,B,B,H,H,B,A,A,H,H,H,H,H,A,H,B,A,A,B,B,H,H,H,A,H,B,A,-,H,A,B,A,B,H,H,H,H,B,A,B,H,B,A,H,-,B,A,B,B,B,B,H,H,B,B,H,H,H,H,B,H,B,A,A,H,B,B,H,H,H,B,H,A,A,-,H,H,H,A,A,H,A
id296,A,H,A,H,B,A,B,A,B,A,A,A,H,H,A,A,H,B,A,H,B,A,H,H,B,B,A,H,H,A,A,H,H,H,A,B,A,A,H,A,H,A,H,H,H,-,B,A,H,A,H,A,A,H,B,A,H,H,B,A,A,B,H,B,B,B,B,A,H,A,H,A,A,H,B,H,B,A,B,H,H,B,A,A,A,H,A,H,A,A,B,A,H,A,A,H,B,B,A,B
id297,H,H,B,H,B,A,H,H,H,A,A,A,H,H,H,A,H,H,A,H,A,H,H,H,H,B,A,H,H,H,H,H,H,A,H,H,H,A,B,A,H,A,H,H,H,-,H,A,-,A,H,B,B,H,H,A,H,A,H,H,B,H,H,B,H,H,B,A,H,H,H,A,A,H,H,H,A,A,H,A,H,B,B,H,H,H,H,H,A,H,B,H,H,H,H,H,H,H,H,B
id298,A,H,A,H,H,H,B,A,B,H,H,H,A,A,A,H,H,B,H,B,H,H,A,H,A,H,H,B,B,H,A,A,A,B,B,A,H,H,H,H,H,H,H,H,A,A,H,A,B,A,B,A,H,B,A,H,A,-,H,H,A,B,H,B,A,B,H,H,-,H,A,H,H,B,B,H,H,A,H,B,A,H,H,B,H,A,A,B,H,H,H,A,H,H,H,A,A,A,H,H
id299,B,H,H,B,A,B,H,H,H,B,H,B,H,H,H,B,A,H,B,H,A,H,A,H,A,H,B,H,-,H,A,A,A,B,H,A,H,H,H,B,A,B,A,H,H,H,A,A,H,B,H,B,B,H,A,B,H,-,H,H,H,H,H,B,A,H,A,H,H,H,A,B,B,H,H,B,A,B,H,B,H,H,B,B,H,H,B,H,B,A,H,H,-,A,A,H,A,A,H,A
id300,H,A,H,H,B,A,H,H,H,A,B,H,H,H,H,H,A,H,H,H,B,H,H,H,H,A,H,H,H,H,B,H,H,A,H,H,B,H,H,H,A,H,A,A,H,H,B,A,-,B,H,B,A,H,H,A,H,-,H,B,H,A,H,B,H,H,H,B,A,B,H,A,-,H,H,B,B,H,H,H,H,A,B,H,B,H,H,H,A,B,H,H,-,B,B,H,H,H,B,H
